-- phpMyAdmin SQL Dump
-- version 4.8.2
-- https://www.phpmyadmin.net/
--
-- Host: 127.0.0.1
-- Generation Time: Aug 12, 2018 at 09:49 AM
-- Server version: 10.1.34-MariaDB
-- PHP Version: 7.2.7

SET SQL_MODE = "NO_AUTO_VALUE_ON_ZERO";
SET AUTOCOMMIT = 0;
START TRANSACTION;
SET time_zone = "+00:00";


/*!40101 SET @OLD_CHARACTER_SET_CLIENT=@@CHARACTER_SET_CLIENT */;
/*!40101 SET @OLD_CHARACTER_SET_RESULTS=@@CHARACTER_SET_RESULTS */;
/*!40101 SET @OLD_COLLATION_CONNECTION=@@COLLATION_CONNECTION */;
/*!40101 SET NAMES utf8mb4 */;

--
-- Database: `fakemusic`
--

-- --------------------------------------------------------

--
-- Table structure for table `albums`
--

CREATE TABLE `albums` (
  `id` int(10) UNSIGNED NOT NULL,
  `name` varchar(191) COLLATE utf8mb4_unicode_ci NOT NULL,
  `singer` varchar(191) COLLATE utf8mb4_unicode_ci NOT NULL,
  `year` varchar(191) COLLATE utf8mb4_unicode_ci NOT NULL,
  `image` text COLLATE utf8mb4_unicode_ci,
  `description` text COLLATE utf8mb4_unicode_ci NOT NULL,
  `user_id` int(10) UNSIGNED NOT NULL,
  `created_at` timestamp NULL DEFAULT NULL,
  `updated_at` timestamp NULL DEFAULT NULL
) ENGINE=InnoDB DEFAULT CHARSET=utf8mb4 COLLATE=utf8mb4_unicode_ci;

--
-- Dumping data for table `albums`
--

INSERT INTO `albums` (`id`, `name`, `singer`, `year`, `image`, `description`, `user_id`, `created_at`, `updated_at`) VALUES
(1, 'nihil', 'Herman Fritsch', '1991', 'Voluptas aut reprehenderit libero voluptatem ut praesentium error deserunt. Voluptatem rerum enim corrupti quo fugit aut.', 'Et libero sed delectus et neque autem quo. Vitae repellat magni aut cupiditate rerum. Optio illo ullam quo veritatis corporis. Maiores omnis dolor distinctio ullam illum adipisci.', 6, '2018-07-29 01:12:44', '2018-07-29 01:12:44'),
(2, 'qui', 'Scot Towne', '2010', 'Minima ut sint eos facere sit. Hic pariatur tempora id perspiciatis. Accusamus voluptatem et qui enim. Ad earum blanditiis ut et. Ut nobis et et eos provident alias.', 'Omnis aut tempore et sit adipisci quas libero et. Quasi dignissimos et enim saepe nobis esse beatae. Voluptas assumenda veritatis aut. Omnis odit voluptas facere modi.', 3, '2018-07-29 01:12:44', '2018-07-29 01:12:44'),
(3, 'sed', 'Mrs. Kenyatta Heaney II', '1983', 'Officiis facilis laboriosam laudantium quae itaque. Eum dolor veritatis quia cum ut asperiores. Et facilis cupiditate in optio fugit nisi quia. Magnam impedit quis qui veritatis velit quidem.', 'Ipsa nulla maiores omnis modi quibusdam explicabo. Alias qui eum perferendis occaecati tenetur quaerat aut. Omnis laudantium id nemo a nobis facere.', 8, '2018-07-29 01:12:44', '2018-07-29 01:12:44'),
(4, 'quos', 'Dr. Mikel Doyle', '1979', 'Iste illo voluptatem quos numquam cum dicta fugit. Aut eaque nihil temporibus voluptate placeat nulla et aut. Qui non non aut distinctio.', 'Error distinctio velit eligendi rerum qui rerum accusantium. Corrupti consequuntur id dignissimos vero. Voluptatibus vel eum soluta voluptatem fuga eius.', 5, '2018-07-29 01:12:44', '2018-07-29 01:12:44'),
(5, 'hic', 'Jessyca Glover', '2002', 'Qui consequatur aliquid a ex. Consequatur rerum veniam aspernatur quis. Nobis et cupiditate amet repellat.', 'Sit deserunt autem aliquam ullam quam laborum. Magnam qui et qui voluptas et consequuntur. Aut debitis dicta aliquam exercitationem necessitatibus distinctio. Sunt in quam nostrum vitae. Blanditiis rem neque sunt dicta.', 8, '2018-07-29 01:12:44', '2018-07-29 01:12:44'),
(6, 'ullam', 'Maiya Swift', '1979', 'Tempora omnis ut exercitationem qui et ut. Omnis et dolorum suscipit similique molestiae. Neque molestiae est totam dicta eos. Non voluptatem ipsa expedita illum et.', 'Id iusto amet impedit. Autem quia enim soluta quia libero. Omnis impedit facere iure aut eos architecto totam. Suscipit maiores nam mollitia velit corrupti sapiente.', 6, '2018-07-29 01:12:44', '2018-07-29 01:12:44'),
(7, 'et', 'Aileen Oberbrunner', '2014', 'Est quo est esse unde. Voluptates ea saepe reiciendis cum ducimus placeat. Molestiae fugiat et quia cum dolorem qui ullam dolorem.', 'Veniam est qui est dolorum est quo fugit. Eaque qui qui earum in rerum cumque cumque. Impedit soluta omnis nisi aliquid.', 5, '2018-07-29 01:12:44', '2018-07-29 01:12:44'),
(9, 'assumenda', 'Augusta Turcotte', '1982', 'Quaerat nostrum quia omnis omnis quae. Dolorem neque architecto est rerum. Quis sint aut sequi.', 'Officia optio earum quis iste quia eligendi et. Ut aut quo quas aut provident.', 8, '2018-07-29 01:12:45', '2018-07-29 01:12:45'),
(10, 'esse', 'Romaine Mayert', '1982', 'Aut et suscipit sint inventore. Cumque est et vero nam. Est repellat debitis qui non voluptatem consectetur. Expedita adipisci voluptatem et doloremque recusandae aspernatur animi.', 'Culpa soluta sit ea sapiente sint ex occaecati. Dicta quidem consequatur non sunt ipsa voluptatem sit odio. Aspernatur nostrum dignissimos quasi facere exercitationem.', 8, '2018-07-29 01:12:45', '2018-07-29 01:12:45'),
(11, 'qui', 'Taya Hessel', '2006', 'Reiciendis est corrupti maxime. Quod alias laudantium esse suscipit ratione. Officia molestias doloremque sed quos tenetur est id deserunt. Et itaque aspernatur aspernatur ipsa animi aut.', 'Explicabo id alias natus vel. Et veniam qui quia ut in minima vel. Quod aut quisquam dolor quas quia. Corporis fugiat illo temporibus quae totam.', 6, '2018-07-29 01:12:45', '2018-07-29 01:12:45'),
(12, 'et', 'Constantin Zboncak', '2006', 'Aut aut odit aliquam autem molestiae veniam ex. Et a optio a distinctio quidem natus dolor. Sequi sint labore aut perspiciatis similique nostrum. Et sequi quia beatae nemo et aut.', 'Maiores quidem sunt culpa fuga voluptatum exercitationem. Aut voluptatem ut eum cupiditate aut dolor delectus et. Nihil sed soluta sed ratione. Ea quam commodi nesciunt.', 2, '2018-07-29 01:12:45', '2018-07-29 01:12:45'),
(13, 'commodi', 'Mandy Schimmel', '1994', 'Deserunt eum dolorum qui inventore sequi non dolor. Vel perferendis ut laborum. Sapiente quos quia cum aspernatur maxime.', 'Non ea aut at est laboriosam et. Nemo autem dolore quisquam. Odit voluptatem repellendus ex sint quod vero corporis tempore. Necessitatibus quia corporis vel voluptates quidem ipsum. Ipsam deleniti tempora et sed officiis corrupti.', 7, '2018-07-29 01:12:45', '2018-07-29 01:12:45'),
(14, 'ea', 'Dr. Tatum Frami', '1975', 'Est recusandae quo totam fuga dolorem repellat et. Autem sit natus ut dolorum beatae odio. Amet in magni est ducimus sit. Nostrum beatae eius neque.', 'Aut enim laudantium itaque tenetur. Sapiente enim sequi quibusdam placeat aut enim debitis. Alias fuga harum quidem praesentium laboriosam magnam qui.', 8, '2018-07-29 01:12:45', '2018-07-29 01:12:45'),
(15, 'atque', 'Ian Mohr', '2008', 'Cumque est et nihil quis provident sunt. Corporis omnis sit est earum non sunt. Explicabo ea omnis optio.', 'Eos ad consequatur incidunt natus vitae. Cum voluptatem omnis sunt tenetur quos. Et ipsa non a hic.', 8, '2018-07-29 01:12:45', '2018-07-29 01:12:45'),
(16, 'dolorem', 'Miss Hertha Sawayn Jr.', '1997', 'Possimus assumenda modi voluptas non sit dignissimos facilis quas. Dolor sint autem nobis aspernatur voluptas laudantium qui. Rerum tempore voluptatem dolore commodi ipsam.', 'Voluptates sunt autem reiciendis repudiandae facere ipsam cum. Tenetur veniam voluptatem minus in. Nisi voluptatibus magnam minima laborum temporibus.', 1, '2018-07-29 01:12:45', '2018-07-29 01:12:45'),
(17, 'et', 'Prof. Americo Satterfield', '2007', 'Inventore veritatis iure vel sapiente. In exercitationem suscipit omnis dolorem illo qui et. Tempora eos delectus molestias tempore. Autem qui non quis vero facere.', 'Inventore consequatur et officiis suscipit. Est velit beatae molestiae nulla beatae. In dolore numquam perferendis maiores nam consequuntur commodi. Placeat perferendis architecto voluptatem non maiores porro laboriosam minus. Quo officia deleniti deleniti aliquam accusantium nihil.', 2, '2018-07-29 01:12:45', '2018-07-29 01:12:45'),
(18, 'ipsum', 'Cesar Kuhn', '2007', 'Quam ut quia occaecati consequatur soluta voluptatibus ut. Neque recusandae et eligendi architecto. Temporibus fuga accusantium culpa sunt et expedita sed incidunt. Numquam necessitatibus ea quia.', 'Commodi delectus aut omnis expedita. Voluptate voluptatem a ut maiores nostrum consectetur qui. Illum et ut dignissimos est. A velit exercitationem nobis.', 1, '2018-07-29 01:12:45', '2018-07-29 01:12:45'),
(19, 'et', 'Providenci Heller', '1986', 'Et ea dolores accusamus velit inventore facilis eius dicta. Aut facere alias exercitationem saepe vero placeat aut. Aut incidunt temporibus harum cumque totam.', 'Laudantium aut pariatur et nesciunt et saepe debitis. Quibusdam quam doloremque beatae ducimus ex quod. Nihil ducimus dolor est excepturi et et. Temporibus ducimus adipisci pariatur laudantium sit unde eum.', 9, '2018-07-29 01:12:45', '2018-07-29 01:12:45'),
(20, 'voluptatem', 'Charlie Robel', '1977', 'Quibusdam commodi quia dolorem sed. Quae corporis et dolores culpa nihil. Debitis animi consequatur voluptatem ex enim nihil culpa.', 'Doloremque est ab voluptatem velit expedita fuga. Blanditiis ea dolorum a dignissimos sint. Voluptas sed dolores fuga nesciunt facere laboriosam.', 10, '2018-07-29 01:12:45', '2018-07-29 01:12:45'),
(21, 'beatae', 'Dell Metz', '1996', 'Veritatis voluptatem eius fugiat quia ut eos. Adipisci dolor quia veritatis sint. Similique est enim qui itaque molestias.', 'Voluptatem maiores quam blanditiis rerum consequatur velit. Cum explicabo voluptatem et et qui. Sit voluptate recusandae nesciunt.', 2, '2018-07-29 01:12:45', '2018-07-29 01:12:45'),
(22, 'vel', 'Isadore Koelpin', '1976', 'Repudiandae hic soluta magni natus rerum. At delectus temporibus sed qui error aut. Dolorum esse exercitationem inventore mollitia porro. Molestias voluptatem saepe iste et modi sunt totam rerum.', 'Aperiam ea a rerum. Cum et iste vel quis. Assumenda aut in consectetur.', 6, '2018-07-29 01:12:45', '2018-07-29 01:12:45'),
(23, 'eius', 'Daren Huels', '2001', 'Qui aspernatur voluptas et vel. Est qui alias tempora neque. Dolorem aut non modi ea reiciendis iste tempore sit. Veniam rem dolores nihil maxime officia facere.', 'Quo eligendi voluptatem nobis necessitatibus similique atque. Qui in similique laborum. Voluptas est facilis voluptate commodi tempore.', 2, '2018-07-29 01:12:45', '2018-07-29 01:12:45'),
(24, 'ratione', 'Elta Leuschke DDS', '2001', 'Perspiciatis repellendus pariatur sint aspernatur eaque ullam. Facere minima eaque error earum sapiente. Earum exercitationem voluptates officia qui est dolor. Temporibus labore placeat ea aut.', 'Error facilis culpa rerum eaque. Rerum architecto magni neque repellendus praesentium expedita. Quia molestias eos perferendis. Voluptates qui corporis repudiandae ducimus et repellat.', 8, '2018-07-29 01:12:45', '2018-07-29 01:12:45'),
(25, 'aut', 'Keegan Conn V', '1999', 'Doloribus delectus et nam. Iusto voluptatem ut in. Possimus inventore corrupti incidunt velit consequatur commodi sunt.', 'In minima sit sit impedit et numquam totam. Ut sint deserunt ullam repellendus voluptas eveniet quas. Quisquam harum dolorem aut voluptates iusto sunt velit velit. Inventore et non sit recusandae.', 5, '2018-07-29 01:12:45', '2018-07-29 01:12:45'),
(26, 'aut', 'Prof. Hilario Conn', '1991', 'Autem eum distinctio nulla aut magni deserunt. Nam quo officiis mollitia libero sint. Sit minus asperiores perferendis rerum porro omnis. Eum aut debitis dicta.', 'Voluptate perferendis quidem mollitia quis ut quis. Magni exercitationem labore impedit officia et mollitia deserunt deleniti. Repellat recusandae ipsam ducimus. Voluptate aut ex deserunt qui totam officiis nihil. Quasi et sit voluptatibus minima non sit quisquam.', 2, '2018-07-29 01:12:45', '2018-07-29 01:12:45'),
(27, 'ipsam', 'Ms. Noemy Erdman DDS', '1996', 'Ducimus similique praesentium laudantium similique aliquam autem. Voluptas praesentium fugit aut illum voluptatem alias. Suscipit rerum voluptas ut molestiae tempora eveniet aspernatur.', 'Aliquid fugit autem incidunt sint accusamus molestias libero fugiat. Ipsum nihil est provident aspernatur. Cupiditate id voluptate quibusdam ut facilis.', 2, '2018-07-29 01:12:45', '2018-07-29 01:12:45'),
(28, 'porro', 'Edgardo Russel Jr.', '1981', 'Accusantium qui commodi optio eos cumque sint. Et iure delectus quia cum sequi sint nihil. Blanditiis voluptas culpa corrupti impedit id molestiae.', 'Aliquid iure in natus velit. Repellendus rerum id qui atque quia laudantium qui. Et sed dolores placeat reiciendis perferendis. Ipsam eos quia qui tempore.', 1, '2018-07-29 01:12:46', '2018-07-29 01:12:46'),
(29, 'itaque', 'Javier Nader DDS', '2012', 'Dolor excepturi eum et explicabo perspiciatis occaecati. Eum dolorem voluptatibus suscipit. Ea et veniam eum pariatur et. Explicabo fuga cum veritatis aperiam.', 'Vitae id optio aut consequatur. Quia quos officia pariatur animi recusandae et et. Sed corrupti aut numquam eius ea.', 9, '2018-07-29 01:12:46', '2018-07-29 01:12:46'),
(30, 'doloribus', 'Stevie Kilback DVM', '1976', 'Ad voluptatum optio ducimus harum nihil error expedita. Cupiditate aut at ut quaerat sit at. Et deserunt id omnis laboriosam non autem rem consequatur.', 'Porro ratione sit velit laudantium temporibus sequi est iure. Fugit ad dolor ducimus quis ab. Doloremque voluptas veniam expedita veniam. Ab veritatis omnis animi hic quae non odit perferendis.', 6, '2018-07-29 01:12:46', '2018-07-29 01:12:46'),
(31, 'officia', 'Phoebe Goodwin', '1981', 'Qui commodi quia omnis reprehenderit eligendi ipsum. Quae fugiat et dolorem tempore. Repudiandae quos dolores alias quia hic.', 'Explicabo dolorum quas at. Voluptatem quia sunt dolores rem est. Tempore velit velit itaque blanditiis nihil magni voluptatem et.', 2, '2018-07-29 01:12:46', '2018-07-29 01:12:46'),
(32, 'quibusdam', 'Mrs. Clara Bins Jr.', '1999', 'Est nemo perferendis dolorum minus mollitia et iure. Velit reiciendis tempora sint ut itaque maxime. Qui asperiores reiciendis accusamus ut totam laudantium.', 'Commodi nostrum repudiandae debitis qui nulla. Placeat saepe quia rerum harum. Qui dolore debitis qui rerum. Ut error error ducimus facere minima corporis nisi. Qui veniam at consectetur nulla qui odio quibusdam.', 1, '2018-07-29 01:12:46', '2018-07-29 01:12:46'),
(33, 'repellat', 'Dr. Janis Pfannerstill', '1983', 'Omnis voluptas quisquam aliquam maxime in. Dicta laborum dolor totam natus quisquam consequuntur. Incidunt similique dolore consectetur.', 'Eveniet minus nihil id sed molestiae. Amet esse beatae et deleniti quam. Praesentium quaerat et esse id repellat quia doloremque.', 7, '2018-07-29 01:12:46', '2018-07-29 01:12:46'),
(34, 'nobis', 'Dr. Heath Deckow DVM', '2017', 'Distinctio voluptas illo dolor eum. Nobis in unde ut. Ut culpa maiores fugit omnis possimus unde.', 'Sit aliquid temporibus ipsam odio quia repudiandae. Qui nemo autem assumenda officiis enim deserunt sit. Voluptatem cum a culpa vel. Esse quo veritatis sit.', 4, '2018-07-29 01:12:46', '2018-07-29 01:12:46'),
(35, 'possimus', 'Leann Wiza', '1990', 'Natus quibusdam accusantium dolorum exercitationem nemo rerum. Et et sunt vel doloremque fuga. Dolores et rerum autem omnis fuga.', 'Officiis voluptatum cupiditate hic. Distinctio perferendis eligendi hic saepe dolorem omnis. Amet id cumque totam.', 3, '2018-07-29 01:12:46', '2018-07-29 01:12:46'),
(36, 'nihil', 'Jaquelin Turner DVM', '1974', 'Est at velit voluptate est velit. Voluptatum reprehenderit explicabo accusantium cupiditate cumque asperiores qui. Sint aliquid iusto odio tempora quos tempora et.', 'Rem non et in deserunt aperiam itaque. Cumque minus dolore qui quia aut id. Et pariatur dolorum culpa molestias aut. Commodi neque illum beatae debitis architecto enim perferendis.', 6, '2018-07-29 01:12:46', '2018-07-29 01:12:46'),
(37, 'ut', 'Torey Runolfsson', '2014', 'Debitis temporibus et perferendis et id quia architecto. Voluptas sapiente eum eum qui. Sed voluptatum reiciendis voluptatibus nisi eos. Dolorum ut et quis et inventore.', 'Nobis odit ea nam. Unde nihil dolores excepturi recusandae modi. Laudantium voluptatem quam quas dolorem temporibus sint non odit.', 1, '2018-07-29 01:12:46', '2018-07-29 01:12:46'),
(38, 'pariatur', 'Prof. Savion Reilly MD', '1982', 'Repellendus non dignissimos fugit reiciendis doloremque nihil aliquam. Excepturi temporibus officiis neque quo. Ipsum non optio quaerat asperiores eaque. Veniam et explicabo alias rem adipisci.', 'Quibusdam est quo ut voluptatem. Reprehenderit et repellendus quas veniam maxime aut non veritatis. Sint vitae consequatur dignissimos dolor quia vel consequatur omnis. Velit illum veritatis aut aut aut. Sint eius ut aut quia nostrum voluptatibus omnis.', 1, '2018-07-29 01:12:46', '2018-07-29 01:12:46'),
(39, 'autem', 'Trent Hodkiewicz III', '1988', 'Sunt ad debitis eum exercitationem et sed. Repellendus qui illum cupiditate est magnam autem veritatis. Officia vitae qui blanditiis qui veritatis. Sed eos voluptas et ad molestias quis.', 'Perspiciatis rem consequuntur exercitationem aut enim commodi. Amet magni quo perspiciatis perspiciatis aut. Tenetur a earum et qui nam excepturi nemo.', 6, '2018-07-29 01:12:46', '2018-07-29 01:12:46'),
(40, 'consequatur', 'Dr. Nicolas Abshire', '1996', 'Vero quia est ut placeat neque vel. Iusto dolore omnis deserunt recusandae alias rerum asperiores quia. Nisi enim eos officia et.', 'Ipsa tenetur omnis quo tenetur commodi voluptatem voluptate. Aspernatur nesciunt omnis iusto.', 1, '2018-07-29 01:12:46', '2018-07-29 01:12:46'),
(41, 'aut', 'Mr. Giles Purdy Jr.', '2004', 'Et veritatis dignissimos corporis aut similique. Commodi et doloribus exercitationem non et ea sunt nisi. Aut explicabo quisquam natus ullam in. Iste laudantium in eligendi unde id.', 'Voluptatem occaecati dolore quo rerum. Ullam sequi dolores blanditiis. Ea voluptas deleniti quaerat laudantium cum eos adipisci.', 5, '2018-07-29 01:12:46', '2018-07-29 01:12:46'),
(42, 'veniam', 'Liliana Funk', '2017', 'Molestiae enim qui qui laborum. Est rerum voluptas hic quasi sit.', 'Minus iure nesciunt aliquid velit ipsa. Qui in est nihil laborum fugiat. Nesciunt quas quam qui et ea id maiores. Consequatur maxime iste quae animi et voluptate.', 2, '2018-07-29 01:12:46', '2018-07-29 01:12:46'),
(43, 'laboriosam', 'Charlie Barrows', '1994', 'Id hic voluptas rerum esse molestiae. Quibusdam blanditiis pariatur ullam labore.', 'Voluptas modi enim porro quaerat quasi sit molestiae quibusdam. Sunt voluptatem expedita et voluptas esse. Autem optio saepe exercitationem dolores sint voluptas laboriosam. Hic quisquam tempora labore deserunt dicta voluptas amet. Aut est cum vel hic.', 3, '2018-07-29 01:12:46', '2018-07-29 01:12:46'),
(44, 'in', 'Miss Eula Glover DVM', '2013', 'Ut unde sit omnis sint molestias amet. Maiores quae ullam similique ab sint. Aut ex et quas. Alias qui sequi exercitationem voluptatem et.', 'Laboriosam temporibus voluptatum amet. Magnam libero animi distinctio qui impedit culpa dolor. Totam ea officiis recusandae in in.', 6, '2018-07-29 01:12:46', '2018-07-29 01:12:46'),
(45, 'et', 'Melyssa Conroy', '1975', 'Sit at minus voluptate explicabo eos. Laudantium ratione fugit sed sed voluptatum. Voluptatibus ut totam eaque similique maiores ducimus voluptatibus et.', 'Eaque vero sed corporis nisi ad. Odio provident qui error. Sequi fuga sit adipisci perspiciatis nostrum vel ipsum sed. Inventore rerum exercitationem voluptas.', 1, '2018-07-29 01:12:47', '2018-07-29 01:12:47'),
(46, 'necessitatibus', 'Dr. Melba Schmidt PhD', '1986', 'Unde cum blanditiis voluptas sequi. Earum consectetur qui aut qui est inventore consequatur. In neque magnam nam soluta fugit id eos.', 'Doloribus dolores perspiciatis maxime ut incidunt fuga. Illum eaque consequuntur dolorem eveniet veniam hic. Illo ab omnis iste in sint tempora sunt. Qui quod id eum ipsam aut rerum maxime minima.', 2, '2018-07-29 01:12:47', '2018-07-29 01:12:47'),
(47, 'cum', 'Miss Ethelyn Lemke', '1982', 'Molestiae occaecati sapiente sequi quia sit. Ex quae atque quo et odio.', 'Ex fuga inventore accusamus architecto aliquam aut in vitae. Ab accusamus magnam et reprehenderit sed quia. Et eius impedit sunt rem aut. Molestiae hic corporis consectetur harum.', 3, '2018-07-29 01:12:47', '2018-07-29 01:12:47'),
(48, 'praesentium', 'Scot Weber V', '1979', 'Rerum perspiciatis laborum quam est qui laborum. Enim aut optio est corporis beatae quas.', 'Dolor est sit debitis. Ea et tempora laborum quas recusandae necessitatibus ducimus id. Cupiditate temporibus qui magni explicabo mollitia soluta.', 6, '2018-07-29 01:12:47', '2018-07-29 01:12:47'),
(49, 'illum', 'Elliott Gorczany', '1994', 'Possimus ab mollitia beatae odit veritatis molestiae cum. Eaque non maxime eaque et quaerat aliquid. Deserunt et rerum fugit ea. Excepturi provident est modi. Ipsa ipsam placeat pariatur.', 'Facilis enim doloremque quod dolores omnis repellat. Saepe minus velit ab rem sit deserunt minima beatae. Odit odio voluptatem nobis distinctio et. Quia officiis velit reprehenderit recusandae aut fuga consequatur sit.', 7, '2018-07-29 01:12:47', '2018-07-29 01:12:47'),
(50, 'consequatur', 'Royal King PhD', '2006', 'Sint dolorem molestiae molestias quis doloribus et. Omnis vitae iste qui veritatis quas. Veniam velit aut nihil ut repellat. Ut qui alias veniam.', 'Aperiam iure deserunt quidem et sit voluptas. Ut ratione et non dolorum necessitatibus et. Dolor ut quod quibusdam facilis itaque.', 4, '2018-07-29 01:12:47', '2018-07-29 01:12:47'),
(54, '123123', 'asdasdasd', '1233', '5b640e681ac3a-37706216_677854165895406_1854789843050037248_n.jpg', 'asvafsgasasfasfas', 2, '2018-08-03 01:12:24', '2018-08-03 01:12:24'),
(58, '123123', '1231231', '23123-12-31', NULL, '23123123', 2, '2018-08-06 20:46:52', '2018-08-06 20:46:52'),
(59, 'tét nhẹádasdasd', 'hoangdh', '1998', '5b69167c6f111-photo-1-15322379742241204929299.jpg', 'okádasd', 2, '2018-08-06 20:48:12', '2018-08-06 20:48:12'),
(60, 'tét nhẹádasdasd', 'hoangdh', '1998', NULL, 'okádasd', 2, '2018-08-06 20:48:25', '2018-08-06 20:48:25'),
(61, '1231', '23123', '0023-12-31', NULL, '123', 2, '2018-08-06 20:51:13', '2018-08-06 20:51:13'),
(62, '123', '12312', '0023-12-31', NULL, '3123123', 2, '2018-08-06 20:51:50', '2018-08-06 20:51:50'),
(63, 'Hoang Updated', '12312', '10023', 'Null1', 'Good good album 123123123123123123123', 2, '2018-08-06 20:54:34', '2018-08-10 09:36:16'),
(64, '1231', '23123', '0023-12-31', NULL, '12312', 2, '2018-08-06 20:55:01', '2018-08-06 20:55:01'),
(65, '2131', '2312', '0023-12-31', NULL, '3123', 2, '2018-08-06 20:56:04', '2018-08-06 20:56:04'),
(66, '123', '123', '0023-12-31', NULL, '123', 2, '2018-08-06 22:51:51', '2018-08-06 22:51:51'),
(67, '123', '123', '0023-12-31', NULL, '123', 2, '2018-08-06 22:52:13', '2018-08-06 22:52:13'),
(68, 'oh shiet', 'ádasd', '0023-12-31', '5b6c6a5c7e247051668300-1533831772.jpg', '12312', 2, '2018-08-09 09:22:52', '2018-08-09 09:22:52'),
(69, '3 updatedđ3', '123', '0023-12-31', '5b6e52a2cc97c083801400-1533956770.jpeg', 'are you okay', 2, '2018-08-09 11:01:34', '2018-08-10 20:06:10');

-- --------------------------------------------------------

--
-- Table structure for table `audio`
--

CREATE TABLE `audio` (
  `id` int(10) UNSIGNED NOT NULL,
  `album_id` int(11) NOT NULL,
  `name` varchar(191) COLLATE utf8mb4_unicode_ci NOT NULL,
  `compose` varchar(191) COLLATE utf8mb4_unicode_ci NOT NULL,
  `singer` varchar(191) COLLATE utf8mb4_unicode_ci NOT NULL,
  `genre` varchar(191) COLLATE utf8mb4_unicode_ci NOT NULL,
  `lyrics` text COLLATE utf8mb4_unicode_ci NOT NULL,
  `created_at` timestamp NULL DEFAULT NULL,
  `updated_at` timestamp NULL DEFAULT NULL,
  `link` text COLLATE utf8mb4_unicode_ci NOT NULL
) ENGINE=InnoDB DEFAULT CHARSET=utf8mb4 COLLATE=utf8mb4_unicode_ci;

--
-- Dumping data for table `audio`
--

INSERT INTO `audio` (`id`, `album_id`, `name`, `compose`, `singer`, `genre`, `lyrics`, `created_at`, `updated_at`, `link`) VALUES
(1, 32, 'Miss Katlyn Williamson', 'Dr. Israel Rippin III', 'Mrs. Missouri Pfeffer', 'Carolyne Hodkiewicz', 'Qui laudantium aspernatur et enim ipsa molestias provident. Ut corrupti iste ipsam laudantium saepe vel maiores. Veritatis dolorum debitis omnis qui.', '2018-07-29 01:12:48', '2018-07-29 01:12:48', 'https://zmp3-mp3-s1.zadn.vn/f453843e557abc24e56b/5397572334266863073?authen=exp=1534032470~acl=/f453843e557abc24e56b/*~hmac=6484eaaab6b7622c9a007b5c3640bfde'),
(2, 46, 'Dr. Lavon Marvin I', 'Micah Abshire', 'Dr. Viviane Mitchell DVM', 'Prof. Zachary Paucek', 'Quaerat molestiae velit labore omnis explicabo non. Vero vero itaque possimus et consequatur dolor. Ut a repellat consequatur perferendis.', '2018-07-29 01:12:48', '2018-07-29 01:12:48', 'https://zmp3-mp3-s1.zadn.vn/f8320880d8c4319a68d5/6162530170123821996?authen=exp=1534042348~acl=/f8320880d8c4319a68d5/*~hmac=2ba05db2ae04ebf036d6daf7320c5df1'),
(3, 18, 'Nathanial Thiel', 'Mr. Jarrett Swaniawski', 'Monroe Hayes', 'Jadyn King', 'Quos aspernatur est perferendis impedit aperiam explicabo fugiat. Eligendi sunt laudantium dolore error et. Unde vel accusamus cumque dolor dolore tempora similique est.', '2018-07-29 01:12:48', '2018-07-29 01:12:48', 'https://zmp3-mp3-s1.zadn.vn/5e627cd0ac9445ca1c85/9020523981993692091?authen=exp=1534042376~acl=/5e627cd0ac9445ca1c85/*~hmac=8a3216bff86aabbce34977b9beee116f'),
(4, 34, 'Cleta Rodriguez', 'Kacey Haag DDS', 'Adelia Hegmann', 'Buford Considine', 'Recusandae veritatis id est et libero nostrum perferendis. Accusantium vel rem fugiat dolores. Enim quis mollitia id laudantium.', '2018-07-29 01:12:48', '2018-07-29 01:12:48', 'https://zmp3-mp3-s1.zadn.vn/9acfd2f304b7ede9b4a6/3954029828127159750?authen=exp=1534042395~acl=/9acfd2f304b7ede9b4a6/*~hmac=621202b2cf939ab0cce1d44dc478d3ec'),
(5, 43, 'Catalina Wiegand', 'Scarlett Purdy Jr.', 'Ward Mante', 'Lillie Tremblay', 'Fugit laboriosam voluptatum quos. Eum nisi nobis voluptatem ut ex error. Molestias libero consequatur quis quaerat. Quo sint quis quo. Ipsam deserunt aliquam quam consequatur eaque repudiandae.', '2018-07-29 01:12:49', '2018-07-29 01:12:49', 'https://zmp3-mp3-s1.zadn.vn/9cc995354b71a22ffb60/6019932726903113510?authen=exp=1534028379~acl=/9cc995354b71a22ffb60/*~hmac=225e69eb191bb1d7968a2f7a2fa1e6a6'),
(6, 34, 'Amber Larson', 'Miss Lucie Mraz', 'Clementine Runolfsson', 'Prof. Chelsie Wilkinson', 'Earum ea dolor blanditiis rerum quis eos dolor qui. Reprehenderit quaerat nihil est et consequatur ut omnis vitae. Magnam qui aliquid aut explicabo asperiores. Ut minima rerum assumenda.', '2018-07-29 01:12:49', '2018-07-29 01:12:49', ''),
(7, 45, 'Ms. Vickie Hagenes MD', 'Miss Caterina Hoeger', 'Elise Heller', 'Jettie Schroeder', 'Quibusdam tempore quaerat voluptatum unde quod odio. Minima eos illum recusandae voluptatibus. Quis qui qui hic eum pariatur odio. Sapiente dolores sunt sunt voluptatem.', '2018-07-29 01:12:49', '2018-07-29 01:12:49', ''),
(8, 27, 'Mr. Kamren Beahan MD', 'Mr. Keshaun Auer DVM', 'Aliyah Bode', 'Dr. Jay Hermiston', 'Architecto quae aut et sunt atque eligendi est. A et consequatur unde aliquid necessitatibus repellat. Et excepturi nihil exercitationem molestias. Earum quia ut voluptatem dolorum est.', '2018-07-29 01:12:49', '2018-07-29 01:12:49', ''),
(9, 22, 'Lilyan Orn', 'Tevin Harber', 'Sienna Krajcik', 'Miss Magali Kuphal', 'Corrupti explicabo aut impedit natus et laborum aut sit. Quia non officia sequi totam non excepturi. Eos sint quam ex autem repudiandae. Ut non occaecati ex.', '2018-07-29 01:12:49', '2018-07-29 01:12:49', ''),
(10, 44, 'Selmer Collins', 'Josefa Gulgowski', 'Aliza Swaniawski', 'Mr. Hipolito Gleason I', 'Ut itaque facere quia corporis architecto ex distinctio. Ut expedita quis aliquam veritatis in commodi. Expedita architecto modi natus expedita quia non.', '2018-07-29 01:12:49', '2018-07-29 01:12:49', ''),
(11, 49, 'Bernie Stracke V', 'Lynn Crooks PhD', 'Morton Willms I', 'Prof. Camylle Renner', 'A et aperiam maiores cum aliquam exercitationem aliquam. Eum repudiandae quos sunt ut. Maiores animi impedit quam reprehenderit eaque qui consequuntur. Aperiam omnis vel libero.', '2018-07-29 01:12:49', '2018-07-29 01:12:49', ''),
(12, 27, 'Dr. Jordi Feeney PhD', 'Prof. Mittie Kunde DVM', 'Cleora White', 'Bart Feil', 'Ut rerum ex qui ut. Voluptas quo enim sed magni aut consequatur. Velit tempore consequatur et enim minus iure.', '2018-07-29 01:12:49', '2018-07-29 01:12:49', ''),
(13, 36, 'Mrs. Earnestine Altenwerth', 'Prof. Hannah Schuster', 'Mrs. Hulda Smitham III', 'Prof. Charlene Goldner DVM', 'Dolores officia eum expedita enim atque. Ad ut distinctio voluptas perspiciatis nisi sunt quaerat. Quasi explicabo molestiae voluptas possimus. Neque inventore doloribus est et id.', '2018-07-29 01:12:49', '2018-07-29 01:12:49', ''),
(14, 44, 'Leone Torphy', 'Dudley Kling', 'Adela Bogisich', 'Fannie Lehner', 'Amet velit incidunt modi placeat repudiandae esse libero a. Commodi et et soluta harum. Tempore et quas voluptate enim delectus omnis voluptates ex.', '2018-07-29 01:12:49', '2018-07-29 01:12:49', ''),
(15, 33, 'Reinhold Schuster V', 'Miss Carolyn Hansen I', 'Dr. Justus Davis IV', 'Dr. Howard Kutch I', 'Qui quidem ut voluptatum voluptas dignissimos. Et necessitatibus quas assumenda aut quae. Eos id ut quia eos aut sit. Id aspernatur ad aut cumque fugit.', '2018-07-29 01:12:49', '2018-07-29 01:12:49', ''),
(16, 47, 'Jayden Kautzer', 'Dr. Erich Torphy', 'Marcella Oberbrunner', 'Kay Stanton', 'Itaque quasi possimus sed distinctio. Exercitationem doloremque ipsum voluptas. Laborum qui odit hic quas at. Soluta eius animi ut rerum dignissimos reiciendis eaque.', '2018-07-29 01:12:49', '2018-07-29 01:12:49', ''),
(17, 22, 'Candace Beier', 'Vince Runte PhD', 'Marcia Powlowski IV', 'Terence Kutch', 'Ad ut tenetur eum velit similique quas impedit vel. Provident maiores et eum sit fuga earum voluptatem.', '2018-07-29 01:12:49', '2018-07-29 01:12:49', ''),
(18, 16, 'Mrs. Carlie Botsford DDS', 'Dax Schmeler II', 'Isom Langosh', 'Dr. Mariam Howell Jr.', 'Culpa quia amet dolorem et ut aut provident eum. Nostrum ea in libero saepe in veniam. Voluptas ipsam eos et numquam sequi quo vel.', '2018-07-29 01:12:50', '2018-07-29 01:12:50', ''),
(19, 22, 'Kaya Jenkins', 'Freddie Daniel III', 'Bennie Welch', 'Daren Pollich', 'Explicabo quo provident sed ut est aut. Aut unde voluptas perferendis qui omnis non aut. Deleniti assumenda iure blanditiis et pariatur. Nostrum molestiae id quas et.', '2018-07-29 01:12:50', '2018-07-29 01:12:50', ''),
(20, 43, 'Dr. Selmer Schultz', 'Morgan Schmeler', 'Damian McGlynn Sr.', 'Kaley Mitchell DVM', 'Doloribus doloribus dolore enim in qui consequatur rerum. Aliquam odio minus explicabo ut vel. Eum optio eius quae unde facere ut in. Sunt corrupti asperiores sit aut libero deleniti.', '2018-07-29 01:12:50', '2018-07-29 01:12:50', ''),
(21, 44, 'Destini Mante DVM', 'Ms. Candace Hahn', 'Abdiel Blanda', 'Prof. Laurie Gislason Jr.', 'Et aliquid accusantium quisquam doloremque. Qui quidem aut quisquam quia et. Et aut illo voluptatibus in similique sint enim. Sunt est et aut aspernatur.', '2018-07-29 01:12:50', '2018-07-29 01:12:50', ''),
(22, 18, 'Efrain O\'Conner', 'Dr. Bertram Pouros', 'Laurine Keebler', 'Serena Simonis V', 'Odio et aut aut quasi et labore beatae magnam. Vitae illum voluptatum dolore quis qui. Eum tenetur quia est aperiam a aliquam. Laudantium magni ut veritatis quaerat cumque.', '2018-07-29 01:12:50', '2018-07-29 01:12:50', ''),
(23, 49, 'Silas Corwin', 'Monica Gleichner', 'Dr. Rachelle Wiza IV', 'Okey Green PhD', 'Suscipit voluptas rerum reprehenderit quaerat sit nemo. Odit deleniti dolor amet sit alias. Non autem ea culpa est. Officiis quibusdam quas laudantium iure sed.', '2018-07-29 01:12:50', '2018-07-29 01:12:50', ''),
(24, 11, 'Major Williamson', 'Miss Alexandrine O\'Conner', 'Gilda Herzog', 'Dr. Ursula Ward', 'Et maiores veniam illum velit. Ullam ratione aut eos qui. Sunt et non consequatur magni enim. Voluptatem consequatur hic non totam error.', '2018-07-29 01:12:50', '2018-07-29 01:12:50', ''),
(25, 41, 'Delta Ebert', 'Dr. Franz Breitenberg', 'Lambert Hamill', 'Prof. Shana Kuhn', 'Aspernatur quod exercitationem sunt officiis eos in quibusdam voluptatem. Magnam voluptatem quo laudantium asperiores quia qui inventore.', '2018-07-29 01:12:50', '2018-07-29 01:12:50', ''),
(26, 13, 'Kamron Hirthe', 'Clifton Greenfelder', 'Nestor Connelly', 'Lorenz Hegmann', 'Maxime sit in repudiandae quo quo sed. Tempora accusamus illum deserunt sed et a magni. Fuga et quo molestiae. Est nam itaque quis beatae atque quae.', '2018-07-29 01:12:50', '2018-07-29 01:12:50', ''),
(27, 47, 'Bertha Howe', 'Prof. Lee Auer II', 'Prof. Horace Schimmel', 'Mrs. Eugenia Thompson DDS', 'Eligendi ut et voluptate eum. Consequuntur et quis omnis labore et quisquam. Aut et mollitia unde aut veritatis enim rerum.', '2018-07-29 01:12:50', '2018-07-29 01:12:50', ''),
(28, 12, 'Florine Kirlin', 'Florine Baumbach', 'Prof. Jakob Dare', 'Caesar Kunde', 'Eum porro repellendus enim error similique et occaecati. Autem distinctio et quo dolores quo aperiam autem in. Qui laborum atque velit illum recusandae magnam.', '2018-07-29 01:12:50', '2018-07-29 01:12:50', ''),
(29, 17, 'Katarina Stark', 'Prof. Emerson Cummings PhD', 'Mr. Devan Brakus', 'Serenity Hintz', 'Dolorem quisquam dolores excepturi. Temporibus omnis magnam et. In nam sed est et eaque aut dolorem. Illum fugiat assumenda animi omnis et commodi.', '2018-07-29 01:12:50', '2018-07-29 01:12:50', ''),
(30, 19, 'Brayan Grimes', 'Meggie Miller', 'Angie Pollich I', 'Mckenzie Turner', 'Adipisci adipisci optio quis tenetur. Ut sint illo et. Nam voluptas quia maiores enim. Dolore alias eaque vel voluptatem voluptates quam doloribus. In dignissimos ad cum perferendis.', '2018-07-29 01:12:50', '2018-07-29 01:12:50', ''),
(31, 17, 'Alexys Hickle', 'Ashtyn Simonis II', 'Dr. Orville Bernhard', 'Ron Homenick', 'Assumenda nihil harum vitae qui et totam quia et. Molestiae qui nulla aut pariatur nihil. Rerum qui praesentium nemo laboriosam et ullam.', '2018-07-29 01:12:50', '2018-07-29 01:12:50', ''),
(32, 36, 'Eda Torphy', 'Mr. Keith O\'Connell I', 'Prof. Rafael Hane V', 'Lilyan Ernser', 'Eaque quis ut expedita quia repellendus quis id. Sit praesentium recusandae et nihil qui ipsam sit. Qui eum rem sequi aperiam. Consequatur aut molestias saepe laudantium ullam libero.', '2018-07-29 01:12:50', '2018-07-29 01:12:50', ''),
(33, 35, 'Otto Marquardt', 'Deven Fay II', 'Abigale Bednar', 'Alfonso Flatley', 'Est voluptas id et dolorem aliquam. Iusto voluptate dicta earum sequi harum ex. Quam aut soluta id occaecati.', '2018-07-29 01:12:50', '2018-07-29 01:12:50', ''),
(34, 49, 'Jonatan Anderson', 'Chance Bartoletti', 'Melvin Romaguera', 'Eileen Fritsch', 'Similique sint molestiae et sequi vero aperiam. Voluptatem earum sint pariatur. Consequatur eum laboriosam veritatis occaecati adipisci sapiente.', '2018-07-29 01:12:50', '2018-07-29 01:12:50', ''),
(35, 34, 'Dameon Spinka', 'Dr. Irving Pacocha IV', 'Marielle Huels', 'Shea Strosin DVM', 'Aspernatur assumenda qui quae explicabo voluptate consequatur. Non sunt maxime quas qui sed dolor. Et quos dolores culpa maxime aliquid.', '2018-07-29 01:12:50', '2018-07-29 01:12:50', ''),
(36, 24, 'Raleigh Hodkiewicz', 'Melody Morissette V', 'Myrtice Padberg', 'Merle Durgan', 'Blanditiis maxime ut voluptatem velit et. Repellendus quisquam rem est quod natus ea necessitatibus. Dolorem sed id ut iusto voluptatum officiis. Est et quia optio similique inventore.', '2018-07-29 01:12:50', '2018-07-29 01:12:50', ''),
(37, 50, 'Phoebe Stiedemann', 'Lester Howe II', 'Tomasa Langworth', 'Prof. Rebeca Romaguera', 'Et nobis ullam minus illum culpa. Minima tenetur enim voluptatem sapiente dolorem atque. Odit commodi aut et voluptatem dolore ut. Consectetur unde eius incidunt a corporis nobis.', '2018-07-29 01:12:50', '2018-07-29 01:12:50', ''),
(38, 10, 'Fleta O\'Keefe', 'Haleigh Erdman', 'Joelle Olson', 'Jillian Brakus', 'Vel laboriosam rerum sit sit quaerat autem vel. Debitis rerum aut dolor et odit. Eveniet tempore labore qui.', '2018-07-29 01:12:50', '2018-07-29 01:12:50', ''),
(39, 24, 'Tressa Hettinger', 'Dedric Hahn', 'Prof. Haley Green', 'Roma Rau', 'Culpa amet ea quia id repellendus vero dicta. Voluptate nihil voluptatem ducimus voluptates accusantium cum voluptates.', '2018-07-29 01:12:51', '2018-07-29 01:12:51', ''),
(40, 37, 'Alexandro Bahringer', 'Sophie Schmidt IV', 'Mrs. Nadia Russel', 'Miss Nannie Yundt PhD', 'Est eum aut dolor sequi quo officia quia. Quidem possimus voluptatibus quae qui sed laborum architecto. Excepturi consequatur est neque dolorem qui. Totam est nulla error.', '2018-07-29 01:12:51', '2018-07-29 01:12:51', ''),
(41, 23, 'Buster McKenzie', 'Prof. Jeanie Boyer Sr.', 'Ms. Destany Robel IV', 'Alexa Koelpin', 'Earum omnis dignissimos eius saepe est. Aut sint et maxime. Voluptate fugit ea sint voluptas ab sint delectus. Et autem illum repellendus suscipit neque nam.', '2018-07-29 01:12:51', '2018-07-29 01:12:51', ''),
(42, 44, 'Eunice Thompson', 'Miss Rebeca Rutherford', 'Mr. Orin Hayes', 'Mariela Orn', 'Omnis est quos fuga nemo. Iusto rerum aperiam quia sed consequatur recusandae quia nostrum. Occaecati aspernatur debitis hic enim quaerat est. Et architecto sit dignissimos repudiandae ipsa et id.', '2018-07-29 01:12:51', '2018-07-29 01:12:51', ''),
(43, 48, 'Mrs. Casandra Bartell', 'Laurence Gusikowski', 'Prof. Aliya Herman MD', 'Omer Fritsch', 'Accusamus facilis nostrum dolores dolores illo consectetur voluptate. Nostrum delectus id eligendi minus corporis architecto. Consequuntur totam illum tempore consequuntur sed numquam.', '2018-07-29 01:12:51', '2018-07-29 01:12:51', ''),
(44, 17, 'Prof. Kole Fadel DVM', 'Dr. Royal Hills V', 'Jackeline Renner I', 'Hipolito Purdy', 'Omnis rerum quod quo placeat ea velit. Molestias delectus error voluptas et vel nam ullam. Est amet sit ea quas deleniti quo. Aut voluptates sed adipisci sunt est voluptatem.', '2018-07-29 01:12:51', '2018-07-29 01:12:51', ''),
(45, 28, 'Timothy Corwin Sr.', 'Marcus Reilly', 'Will Sanford DVM', 'Jannie Dach', 'Quisquam modi est iusto quia. Neque temporibus nobis et perferendis facilis dolor. Possimus modi dolores voluptatem voluptas assumenda dignissimos ullam. Et possimus cum aperiam sed sed quia.', '2018-07-29 01:12:51', '2018-07-29 01:12:51', ''),
(46, 39, 'Austen Stanton', 'Bradly Will', 'Wilburn Gerhold', 'Dr. Brad Fisher DVM', 'Et debitis voluptates ut. Nihil autem eligendi labore temporibus ut voluptatem praesentium. Recusandae perspiciatis aliquid quasi blanditiis fugiat. Culpa nostrum laborum eum est delectus.', '2018-07-29 01:12:51', '2018-07-29 01:12:51', ''),
(47, 17, 'Kory Lubowitz', 'Abe Leffler III', 'Mariana Leannon I', 'Baron Hettinger', 'Excepturi ut magni sequi dolorem amet atque autem error. Error ut qui voluptatem voluptas natus quis ut. Aperiam eum nobis autem doloremque quia vero doloribus. Iusto qui vitae occaecati.', '2018-07-29 01:12:51', '2018-07-29 01:12:51', ''),
(48, 50, 'Destin Schroeder', 'Michaela Tromp', 'Prof. Roel Carroll', 'Miguel Harris Sr.', 'Nesciunt ut accusamus blanditiis qui adipisci consequuntur aspernatur. Sed nihil minus quasi tempore. Quae dolore laborum culpa omnis. Eaque qui nesciunt magnam.', '2018-07-29 01:12:51', '2018-07-29 01:12:51', ''),
(49, 19, 'Mr. Bennie Kilback Jr.', 'Meaghan Williamson', 'Waylon Hansen', 'Dillon Boyer', 'Necessitatibus qui delectus impedit corrupti sunt qui. Officiis natus itaque quidem aperiam vero. Aut amet cum reprehenderit sit dolores.', '2018-07-29 01:12:51', '2018-07-29 01:12:51', ''),
(50, 27, 'Miss Alba Smitham', 'Bridie Huel', 'Ashton Adams', 'Aidan Ratke', 'Est accusamus maxime id et sed aut. Optio dolores et dolore ipsum voluptas vitae perferendis. Aut vel earum ipsa voluptas doloremque quae. Libero ut consequatur et ipsa.', '2018-07-29 01:12:51', '2018-07-29 01:12:51', ''),
(51, 23, 'Mr. Gayle Abernathy I', 'Alexander McDermott DVM', 'Mireille Eichmann', 'Ms. Veda Kuhic Jr.', 'Officia temporibus et sint sit et sunt ipsum ex. Quia provident consectetur eveniet doloremque voluptatibus. Animi nostrum voluptatem rerum eum illum.', '2018-07-29 01:12:51', '2018-07-29 01:12:51', ''),
(52, 49, 'Glennie Keebler', 'Bertrand Schultz', 'Frederik Gleason', 'Dr. Fernando Keeling III', 'Consequuntur temporibus temporibus praesentium nihil suscipit odit. Eveniet quam debitis beatae voluptatum dolorem et porro temporibus.', '2018-07-29 01:12:51', '2018-07-29 01:12:51', ''),
(53, 42, 'Esta Klein DVM', 'Dr. Sedrick Heathcote', 'Miss Emma Legros MD', 'Cyrus Crooks I', 'Placeat eos provident numquam corrupti cum nobis autem quia. Repudiandae aliquam et repellat quo beatae modi quo. Illum nam accusantium molestiae modi.', '2018-07-29 01:12:51', '2018-07-29 01:12:51', ''),
(54, 29, 'Brigitte Block', 'Liza Medhurst', 'Jess Vandervort', 'Miss Charity Lubowitz', 'Voluptas architecto rerum cumque. Itaque quia tenetur sint sint rerum. Sunt repellat voluptatibus totam blanditiis mollitia temporibus.', '2018-07-29 01:12:51', '2018-07-29 01:12:51', ''),
(55, 31, 'Concepcion Bernhard', 'Dr. Alphonso Cronin Jr.', 'Prof. Rico Koelpin', 'Prof. Lydia Dickens', 'Culpa fuga eum quis qui impedit qui. Iure illum quia error facere culpa. Laborum accusamus eveniet dolor impedit quia. Ea voluptas ducimus consequuntur fugiat labore.', '2018-07-29 01:12:51', '2018-07-29 01:12:51', ''),
(56, 19, 'Daniela Watsica', 'Sim Cummerata', 'Robert Hahn', 'Savion Goyette', 'Molestias sapiente dolor reiciendis corrupti repudiandae quia. Delectus possimus et corporis inventore asperiores ut eveniet. Quod occaecati similique nisi maiores.', '2018-07-29 01:12:51', '2018-07-29 01:12:51', ''),
(57, 32, 'Wyman Becker', 'Chandler Langworth', 'Damion Schneider', 'Nathaniel Marquardt', 'Dolorem perferendis in iste doloribus eos rerum et. Rerum cum sed quis sed harum. Saepe aut deserunt consequatur ut.', '2018-07-29 01:12:51', '2018-07-29 01:12:51', ''),
(58, 16, 'Jeanette Shanahan', 'Miss Domenica Runolfsson DDS', 'Maxie Hayes', 'Jannie Green MD', 'Aut odio dolores quos est dolorum doloribus eum voluptatem. Voluptatem tenetur maxime vero fugiat facilis.', '2018-07-29 01:12:51', '2018-07-29 01:12:51', ''),
(59, 43, 'Mr. Jamil Koepp', 'Dr. Ken Gottlieb', 'Eddie Russel', 'Bertrand Conn', 'Et illo rem laborum facilis. Voluptas et et pariatur aut qui. Occaecati voluptatem sapiente ut minima natus voluptas est asperiores. Sequi non nemo voluptatem laborum et.', '2018-07-29 01:12:51', '2018-07-29 01:12:51', ''),
(60, 32, 'Dr. Kitty Hammes DVM', 'Cale Bartell', 'Ms. Angie Goyette', 'Foster Collier', 'Et id laboriosam officia dolore ea. Rerum eligendi quo ex sed voluptas ea adipisci. Architecto nulla quaerat et.', '2018-07-29 01:12:51', '2018-07-29 01:12:51', ''),
(61, 35, 'Damon Adams', 'Wilber Williamson I', 'Myriam Shanahan', 'Santino Kuhic', 'Iure voluptas totam aut tenetur velit in. Cum quia velit autem eligendi. Ipsam pariatur adipisci dolorem. Aut omnis consectetur error architecto blanditiis.', '2018-07-29 01:12:52', '2018-07-29 01:12:52', ''),
(62, 16, 'Jonathon Lebsack', 'Dr. Fritz Gaylord III', 'Miss Samantha Walker PhD', 'Ozella Fritsch', 'Veritatis voluptates pariatur exercitationem commodi repellendus laborum. Dolorum possimus rerum officia veritatis. Repudiandae eaque animi aperiam.', '2018-07-29 01:12:52', '2018-07-29 01:12:52', ''),
(63, 24, 'Burnice Thompson', 'Lisandro Von', 'Theresia Schinner Jr.', 'Freeda Jerde', 'Aut ut veniam iure sint. Recusandae consectetur id blanditiis. Dolore quibusdam consequatur tempore vel.', '2018-07-29 01:12:52', '2018-07-29 01:12:52', ''),
(64, 24, 'Angelo Baumbach', 'Yasmine Beahan', 'Furman Stanton', 'Alize King', 'Enim architecto magnam doloribus et nam. Nihil fuga omnis omnis voluptatibus officiis iure rerum. Facere sit reiciendis ab. Aperiam deserunt excepturi aut iure optio sint aperiam.', '2018-07-29 01:12:52', '2018-07-29 01:12:52', ''),
(65, 48, 'Maud Zulauf', 'Gracie Batz', 'Dr. Casimer Mueller V', 'Domenick Hyatt', 'Quo eos blanditiis et veritatis itaque. Et vero vero dolorem dignissimos consequuntur corrupti.', '2018-07-29 01:12:52', '2018-07-29 01:12:52', ''),
(66, 39, 'Samantha Lueilwitz IV', 'Dr. Lloyd Hahn', 'Prof. Durward Stiedemann III', 'Mrs. Cortney Leuschke V', 'Dicta aut aut molestiae blanditiis dolorum perspiciatis soluta ex. Veritatis modi aliquid vel odio. Atque et et exercitationem quia facere autem fugiat eveniet.', '2018-07-29 01:12:52', '2018-07-29 01:12:52', ''),
(67, 47, 'Zack Goldner DVM', 'Prof. Rickey Aufderhar', 'Dr. Arnulfo Stoltenberg', 'Rowland Harber', 'Sit aspernatur ducimus at voluptatem omnis. Sint laudantium eos officiis laborum perspiciatis et. Reprehenderit veniam rem provident dignissimos quia quos.', '2018-07-29 01:12:52', '2018-07-29 01:12:52', ''),
(68, 37, 'Miss Elfrieda Aufderhar', 'Lowell Stoltenberg', 'Miss Angie Boehm', 'Owen Stokes', 'Laudantium illum quas tempora repudiandae eveniet tenetur. Sed id iure et harum qui. Beatae ex animi exercitationem aut blanditiis.', '2018-07-29 01:12:52', '2018-07-29 01:12:52', ''),
(69, 48, 'Reed Williamson', 'Mr. Kennith Dickinson III', 'Betsy Veum Sr.', 'Kenya Schamberger', 'Vitae consequatur facilis impedit natus. Iusto nostrum quidem autem sit perspiciatis ut dolores. Enim labore delectus qui officia non. Voluptates id nesciunt cumque nam quia cumque ut.', '2018-07-29 01:12:52', '2018-07-29 01:12:52', ''),
(70, 38, 'Godfrey Pfannerstill', 'Stefanie Veum', 'Eduardo Carter', 'Miss Marlen Wintheiser DDS', 'Tenetur neque illum animi inventore. Impedit facilis quasi maiores dolore veniam modi exercitationem debitis. Dolores dolores et sed aut autem modi exercitationem et.', '2018-07-29 01:12:52', '2018-07-29 01:12:52', ''),
(71, 28, 'Jean McGlynn MD', 'Lillian Quitzon', 'Dr. Sherman Jacobs', 'Dakota Kerluke DDS', 'Officia earum qui explicabo dolores nemo dolore nihil magnam. Saepe sit dolorum sunt adipisci necessitatibus. Ipsa vitae et consequatur soluta adipisci.', '2018-07-29 01:12:52', '2018-07-29 01:12:52', ''),
(72, 31, 'Ms. Pearlie Wiza IV', 'Gloria Klocko', 'Andrew Gulgowski', 'Malinda Kuhn', 'Itaque expedita sit ipsa occaecati voluptatibus est ab. Provident fugiat soluta veritatis rem fugit autem quo. Laudantium enim culpa impedit reprehenderit.', '2018-07-29 01:12:52', '2018-07-29 01:12:52', ''),
(73, 49, 'Miss Margarita Fadel', 'Kaitlyn Goldner', 'Griffin Leannon III', 'Prof. Herman Gerhold', 'Est voluptatum et ut eaque. Occaecati vitae eum officiis pariatur. Aperiam sint ad sint commodi voluptatem nemo aut non.', '2018-07-29 01:12:52', '2018-07-29 01:12:52', ''),
(74, 40, 'Edison Larkin', 'Dr. Adonis Metz', 'Litzy Lynch', 'Fredy Hettinger MD', 'Eius ratione ducimus libero. Itaque debitis expedita magni qui molestiae ut. Dicta quis in quas necessitatibus. Eligendi placeat quia vitae sit sed incidunt.', '2018-07-29 01:12:52', '2018-07-29 01:12:52', ''),
(75, 46, 'Delbert Prosacco', 'Oliver Mohr Sr.', 'Ramon Lebsack', 'Miss Jammie O\'Hara DVM', 'Atque iste odio architecto aliquam laudantium. Ipsam vel non eos fuga officia dolorem neque. Suscipit velit doloribus aspernatur ut accusamus aut. Qui ut labore nostrum et labore recusandae.', '2018-07-29 01:12:52', '2018-07-29 01:12:52', ''),
(76, 24, 'Johnathon Hahn', 'Shaylee Kozey DVM', 'Nadia Conn', 'Katharina Labadie II', 'Soluta beatae enim id commodi expedita. Est dolorem quasi laboriosam perspiciatis ut et sapiente. Ut voluptatibus facilis impedit magnam. Deleniti debitis eius non dolore.', '2018-07-29 01:12:52', '2018-07-29 01:12:52', ''),
(77, 49, 'Dorothea Barrows', 'Deon Goodwin', 'Miss Myrna Kautzer PhD', 'Leora Schowalter', 'Voluptas nisi ea qui sunt. Voluptas impedit sit velit accusantium nisi voluptatem unde. Aut non asperiores id eos omnis.', '2018-07-29 01:12:52', '2018-07-29 01:12:52', ''),
(78, 36, 'Dr. Evelyn Bayer', 'Dr. Giovanny Lueilwitz', 'Odell Johns', 'Mr. Andre Langworth DDS', 'Inventore eum laudantium qui magnam dignissimos. Vitae eaque modi qui quis beatae adipisci. Impedit ipsa nostrum rerum earum.', '2018-07-29 01:12:52', '2018-07-29 01:12:52', ''),
(79, 38, 'Miss Abigale Kozey', 'Agustina Rath', 'Dr. Thora Rath', 'Mrs. Alexandrea Gibson', 'Inventore inventore nemo quaerat nostrum magnam. Vel asperiores quos quibusdam dolore sunt aut. Asperiores rerum et vitae unde.', '2018-07-29 01:12:52', '2018-07-29 01:12:52', ''),
(80, 15, 'Prof. Lizeth Douglas', 'Alford Adams', 'Mr. Dejon Gerlach II', 'Beulah Schimmel', 'Adipisci aut quia neque pariatur dignissimos et. Quae rem sed sunt praesentium rerum culpa. Fuga iste adipisci rerum error rerum et voluptas omnis.', '2018-07-29 01:12:52', '2018-07-29 01:12:52', ''),
(81, 38, 'Berta Douglas Sr.', 'Lonie Marquardt', 'Bridget Hand II', 'Collin Klein', 'Ullam non vel alias ea sed in et atque. Enim consequatur itaque et illo ut. Ipsam ullam tempora sed et voluptas consequatur a. Consequatur assumenda veritatis nihil sequi explicabo nemo sunt.', '2018-07-29 01:12:52', '2018-07-29 01:12:52', ''),
(82, 18, 'Billie Lang', 'Leslie Johnston', 'Agustin Terry', 'Abagail Wisoky', 'Quis aliquid nobis et dolorem. In itaque autem incidunt vitae assumenda. Distinctio et distinctio dolores qui doloribus vitae necessitatibus. Libero libero velit debitis sit dicta.', '2018-07-29 01:12:52', '2018-07-29 01:12:52', ''),
(83, 47, 'Rosemary Bergnaum', 'Prof. Caesar Beahan', 'Burley Langworth', 'Hallie Ward', 'In qui commodi incidunt neque ut omnis. Et voluptas officiis inventore eligendi ullam. Impedit libero nihil itaque itaque vel fugit consequatur.', '2018-07-29 01:12:52', '2018-07-29 01:12:52', ''),
(84, 41, 'Marina Farrell', 'Candice McCullough', 'Dr. Greg Watsica', 'Enrico Kirlin', 'Corrupti enim amet aut et reprehenderit ad in. Et a minus velit optio aut voluptas reprehenderit. Voluptates qui quisquam perspiciatis. Eos sint accusantium corporis maiores eaque et.', '2018-07-29 01:12:52', '2018-07-29 01:12:52', ''),
(85, 23, 'Roslyn Streich', 'Esperanza Moen', 'Jerel Green', 'Prof. Waylon Fay', 'Unde quaerat dolores totam pariatur aut reprehenderit. In vel qui eveniet culpa amet accusantium.', '2018-07-29 01:12:52', '2018-07-29 01:12:52', ''),
(86, 19, 'Titus Howe', 'Sunny Baumbach', 'Mr. Jeffrey Davis', 'Nash Goldner', 'Eum autem omnis ad. Autem at placeat eaque. Voluptas et vero blanditiis aut consequuntur. Enim numquam et id est commodi.', '2018-07-29 01:12:53', '2018-07-29 01:12:53', ''),
(87, 40, 'Bradley Koch', 'Mrs. Raina Abshire V', 'Arno Crist', 'Prof. Edwina Lakin I', 'Libero officiis et est id autem. Enim rerum dolor deleniti sit facilis vel. Aut optio sequi velit necessitatibus sit autem cumque ut. Corporis corporis velit ipsam et non doloremque.', '2018-07-29 01:12:53', '2018-07-29 01:12:53', ''),
(88, 30, 'Dr. Elton Ratke', 'Mrs. Tressa Mante', 'Carey Ferry', 'Wyatt Raynor I', 'Ab adipisci asperiores accusantium quis dolorem fuga labore. Nobis commodi doloribus ipsum aut iure. Laboriosam voluptatum qui consequatur totam iste alias. Corrupti est vel sed ut non.', '2018-07-29 01:12:53', '2018-07-29 01:12:53', ''),
(89, 25, 'Ms. Janae Crist', 'Cyrus DuBuque', 'Daphney Barton', 'Prof. Tito Reilly MD', 'Quos nihil officiis ab ipsum voluptatum fugiat fugiat. Et rerum voluptas ut distinctio ea. Rem quia a non odio. Tempore dolores est libero itaque dolorem ratione molestias tenetur.', '2018-07-29 01:12:53', '2018-07-29 01:12:53', ''),
(90, 17, 'Prof. Lauryn Stanton DDS', 'Ms. Emmy Kling III', 'Bradford Rutherford', 'Prof. Susana Yost DDS', 'Ullam necessitatibus eum est quasi. Provident illo debitis consequuntur cum excepturi facilis. Minima corrupti qui ipsa quo et.', '2018-07-29 01:12:53', '2018-07-29 01:12:53', ''),
(91, 43, 'Adell Cassin', 'Caitlyn Davis', 'Keshaun Beer', 'Burnice Goodwin MD', 'Consectetur voluptates debitis excepturi est eos a ea. Earum eius est non laudantium fugit at ratione natus.', '2018-07-29 01:12:53', '2018-07-29 01:12:53', ''),
(92, 22, 'Delphine Wolff', 'Dr. Emmy Schinner Jr.', 'Ervin Harber PhD', 'Lavina Koepp', 'Dignissimos optio hic illum quia pariatur in. Non laborum sed deserunt et. Dicta laboriosam earum sunt ab.', '2018-07-29 01:12:53', '2018-07-29 01:12:53', ''),
(93, 24, 'Liliane Hills', 'Prof. Cleo Bruen PhD', 'Elza Dibbert', 'Vivien Eichmann', 'Deserunt assumenda voluptates expedita et est et eum eveniet. Fugit nisi corrupti assumenda sit quo nisi et. Qui accusantium qui nemo.', '2018-07-29 01:12:53', '2018-07-29 01:12:53', ''),
(94, 34, 'Mr. Torrance Abernathy', 'Mr. Darron Treutel', 'Twila Mann DVM', 'Julien Kessler', 'Dolore non illo fugit ab aut. Et qui voluptas eum aut eaque deleniti ut. Sed quo quia explicabo hic ut quo.', '2018-07-29 01:12:53', '2018-07-29 01:12:53', ''),
(95, 23, 'Erin Dicki', 'Filomena Considine', 'Destiny Herman', 'Jarrett Gerhold', 'Tenetur aut molestiae iure qui consequuntur a. Dolorum qui commodi in itaque qui repudiandae.', '2018-07-29 01:12:53', '2018-07-29 01:12:53', ''),
(96, 24, 'Ora Pouros', 'Lacey Keeling V', 'Delia Rodriguez', 'Addie Gibson', 'Commodi sint ipsa et soluta beatae illo. Aut similique dolor eaque laborum at et et. Veritatis praesentium quasi et. Ut beatae quis ut reprehenderit.', '2018-07-29 01:12:53', '2018-07-29 01:12:53', ''),
(97, 30, 'Keely Wolf V', 'Miss Freda Roberts Jr.', 'Miss Aileen Rogahn', 'Prof. Nestor Jaskolski Jr.', 'Dolores rerum rerum corrupti aut accusamus assumenda eligendi. Explicabo qui placeat rerum officia quae velit.', '2018-07-29 01:12:53', '2018-07-29 01:12:53', ''),
(98, 25, 'Arnulfo Koepp', 'Ms. Golda Emmerich', 'Ms. Gilda Krajcik', 'Darrin Lehner', 'Corporis vel iusto quod ut. Hic eos sequi recusandae quod iste dolore quia.', '2018-07-29 01:12:53', '2018-07-29 01:12:53', ''),
(99, 22, 'Miss Lexie Gorczany Jr.', 'Maurice Littel', 'Maxwell Conroy', 'Durward Leuschke', 'Autem omnis nostrum sunt. Neque aliquam officia repellat ea et facere animi. Sed sed rem non et et. Qui iure quo eos ipsam ea corrupti. Voluptates possimus veritatis incidunt expedita asperiores.', '2018-07-29 01:12:53', '2018-07-29 01:12:53', ''),
(100, 16, 'Vida Simonis', 'Ryann Gutmann', 'Eula Kertzmann', 'Miss Gilda Keebler', 'Veritatis voluptas consequuntur est ut dolorem. Quo quis sit porro aut aliquid et minus. Et est earum voluptates. Aut aliquam assumenda sit et cumque.', '2018-07-29 01:12:53', '2018-07-29 01:12:53', ''),
(101, 34, 'Kayleigh McKenzie MD', 'Tanya Denesik', 'Ms. Penelope Will PhD', 'Dayana Keebler', 'Aut est voluptatum sint corrupti qui repudiandae. Minus nihil ex tenetur voluptas laborum qui quos. Quae sapiente et sit et velit rem officia. Blanditiis corporis voluptatem quia eaque alias.', '2018-07-29 01:12:53', '2018-07-29 01:12:53', ''),
(102, 29, 'Roger Auer', 'Karli Roberts', 'Leanna Pouros III', 'Karine Hegmann', 'Voluptas facilis magnam asperiores in libero. Eius earum harum laudantium et. Ut corporis aut qui qui et necessitatibus.', '2018-07-29 01:12:53', '2018-07-29 01:12:53', ''),
(103, 45, 'Dr. Ethan Christiansen', 'Everette Shields', 'Dr. Arno Mayer II', 'Javier Fahey', 'Iste aut rerum amet dolor. Occaecati consequatur soluta ducimus laudantium quo. Sequi quia dolores qui sit illo aut facilis.', '2018-07-29 01:12:53', '2018-07-29 01:12:53', ''),
(104, 49, 'Dr. Zander Wisozk', 'Mazie Lesch IV', 'Prof. Korbin Muller', 'Berneice Fahey', 'Accusamus repellat quam eos dolore vel. Ut doloribus hic qui et et. Soluta qui enim est dolor eos. Doloribus voluptatem voluptas minus quia nam ut.', '2018-07-29 01:12:53', '2018-07-29 01:12:53', ''),
(105, 29, 'Kendrick Pollich', 'Demetris Stamm', 'Isadore Weimann', 'Dr. Grayce Koss MD', 'Molestias quasi ipsum at est. Et et minima nobis. A est at non porro. Labore dolorum aspernatur velit rerum doloremque dignissimos sit.', '2018-07-29 01:12:53', '2018-07-29 01:12:53', ''),
(106, 23, 'Dr. Alexandra Windler', 'Vito Kihn', 'Tess Barrows III', 'Rachel Cremin', 'Provident unde aliquam dicta omnis quis qui. Mollitia suscipit ut consectetur distinctio dolorem ea. Aperiam id ex ea itaque impedit. Ex voluptatem ut sint molestiae.', '2018-07-29 01:12:53', '2018-07-29 01:12:53', ''),
(107, 11, 'Marcos Brekke', 'Katharina Frami', 'Mrs. Lola Bogisich IV', 'Carter Batz', 'Ipsam excepturi nihil aut. Consectetur itaque et iure aperiam maiores harum. Corporis labore accusantium consequatur dolor.', '2018-07-29 01:12:53', '2018-07-29 01:12:53', ''),
(108, 45, 'Deion Stehr', 'Verda Gleichner', 'Annie Frami', 'Alexane Abshire II', 'Et eos labore vitae excepturi. Magnam itaque esse tempora distinctio velit. Eligendi illo qui ut porro consequatur qui saepe. Aut totam maiores error perspiciatis.', '2018-07-29 01:12:54', '2018-07-29 01:12:54', ''),
(109, 13, 'Norwood Schaefer', 'Bernie Eichmann I', 'Delphine Parisian', 'Coby Nienow', 'Quis reprehenderit quaerat quidem. Dolor fuga quam corporis est odit. Commodi explicabo minima dolor pariatur qui. Repudiandae provident aut et non. Sint et aut omnis dolores iure.', '2018-07-29 01:12:54', '2018-07-29 01:12:54', ''),
(110, 17, 'Corrine Beahan II', 'Eva Veum DVM', 'Mrs. Marlene DuBuque MD', 'Max Parker', 'Quo ipsum quisquam saepe quasi. Quis nihil alias illum. Odit saepe reprehenderit corrupti. Fugiat temporibus autem delectus est ut. Magnam et ad error qui voluptas aut.', '2018-07-29 01:12:54', '2018-07-29 01:12:54', ''),
(111, 41, 'Prof. Stuart O\'Conner', 'Prof. Hubert Lindgren II', 'Aurore Bergnaum IV', 'Danielle Kessler', 'Hic sed porro voluptas excepturi quae ut. Earum rem et ut aperiam voluptate nobis aut.', '2018-07-29 01:12:54', '2018-07-29 01:12:54', ''),
(112, 47, 'Kory Corwin II', 'Dr. Desmond Wolf I', 'Joyce Nienow', 'Rossie Morar', 'Voluptatem eos nam velit est aut est. Eaque et velit atque consequatur. Ea et quis doloribus nihil quas aut nesciunt. Dolorem autem eos suscipit sunt.', '2018-07-29 01:12:54', '2018-07-29 01:12:54', ''),
(113, 28, 'Dr. Lenore Renner V', 'Dr. Richmond Farrell', 'Marlon Heaney III', 'Oral Goyette MD', 'Qui vero ut dolores mollitia voluptas qui quia. Quod adipisci iste est maiores. Optio harum adipisci maxime porro consequatur aliquam. Sed omnis non qui dolores est amet est.', '2018-07-29 01:12:54', '2018-07-29 01:12:54', ''),
(114, 44, 'Loyce Koss', 'Ms. Deanna White', 'Dr. Brandt Kerluke Jr.', 'Baylee Rosenbaum', 'Accusantium eos aperiam ipsum aut. Quisquam quia quis ipsum. Voluptas commodi consequatur sint dolorem fuga id.', '2018-07-29 01:12:54', '2018-07-29 01:12:54', ''),
(115, 41, 'Dr. Kelley Rohan PhD', 'Zelda Cassin', 'Damian Thiel', 'Ahmed Kulas III', 'Facere et dolor natus perspiciatis id voluptate ex. Sed aut voluptatem repellendus quia itaque. Ex officia non corrupti placeat. Culpa et laboriosam voluptas qui aut possimus.', '2018-07-29 01:12:54', '2018-07-29 01:12:54', ''),
(116, 18, 'Sabina Cronin III', 'Amy Padberg', 'Mr. Green Ankunding', 'Hilton Kozey', 'Dolorem velit itaque maiores porro similique. Nam commodi error eligendi facilis. Ut aut rerum aut tenetur et omnis. Libero possimus quia saepe.', '2018-07-29 01:12:54', '2018-07-29 01:12:54', ''),
(117, 39, 'Else Jacobson', 'Brandyn Abshire', 'Lucile Conn MD', 'Asia Corwin', 'Possimus unde ipsa qui aut. Rem occaecati ipsa omnis nihil et. Impedit non soluta delectus quibusdam libero explicabo aliquam. Nostrum quis laudantium fugit reiciendis deleniti sunt.', '2018-07-29 01:12:54', '2018-07-29 01:12:54', ''),
(118, 33, 'Jacques Balistreri', 'Ollie Beahan', 'Mrs. Ebba Daugherty DDS', 'Mr. Ignacio Bins V', 'Laudantium ducimus et eum eveniet voluptatum. Cumque aliquam officia ad repudiandae id quae et sed. Qui quae voluptatibus qui. Est ex harum dolorem laboriosam eos.', '2018-07-29 01:12:54', '2018-07-29 01:12:54', ''),
(119, 49, 'Mr. Milo Kirlin', 'Mrs. Adriana Wiegand V', 'Dr. Elena Little', 'Mrs. Tessie Schmitt IV', 'Nesciunt aut voluptatem similique tempora et blanditiis. Sequi hic natus fugit quia. Provident error hic modi id et quo explicabo. Distinctio quo ea ab est neque qui reiciendis.', '2018-07-29 01:12:54', '2018-07-29 01:12:54', ''),
(120, 39, 'Lamar Medhurst', 'Jadyn Cassin', 'Felipa Hills I', 'Cordia Hamill', 'Hic excepturi officiis voluptatum. Doloribus officia id temporibus reprehenderit harum quo. Sapiente perspiciatis rem quis. Aut aut quas tempora est.', '2018-07-29 01:12:54', '2018-07-29 01:12:54', ''),
(121, 32, 'Miss Verona Blick DDS', 'Dr. Schuyler Lynch II', 'Marina Schmidt', 'Ana Hoeger', 'Doloribus dolorem amet voluptates libero. Voluptatem perferendis a corporis vel. Qui veritatis vitae deleniti nisi laboriosam qui.', '2018-07-29 01:12:54', '2018-07-29 01:12:54', ''),
(122, 35, 'Desmond Pfeffer', 'Rubie Berge', 'Bryce Schinner', 'Rusty Skiles', 'Labore earum iusto aspernatur quos consequatur ut. Magni eos saepe facilis sed. Distinctio ducimus consectetur distinctio et quam quo voluptatum. Sequi incidunt tempora odit.', '2018-07-29 01:12:54', '2018-07-29 01:12:54', ''),
(123, 20, 'Willow Hoeger', 'Mrs. Maya Langosh', 'Kira Bins', 'Mr. Eriberto Moore', 'Dolores fugiat est nostrum vel. Quam doloribus nostrum excepturi repellendus omnis explicabo aliquam sunt. Tenetur ut aut porro commodi tempora laboriosam ut. Quo aut voluptas tempore illum optio.', '2018-07-29 01:12:54', '2018-07-29 01:12:54', ''),
(124, 34, 'Mrs. Mabel Heidenreich', 'Fred Trantow', 'Ines Kilback', 'Jed Kilback', 'Corporis sit laborum quia minus dolores. Eos sed commodi sit et vel vitae commodi.', '2018-07-29 01:12:54', '2018-07-29 01:12:54', ''),
(125, 31, 'Tillman Lindgren II', 'Sebastian Swift I', 'Una Nienow', 'Prof. Gabe Pagac', 'Quibusdam est veritatis excepturi ut alias. Iusto rerum temporibus velit nemo nihil explicabo. Iste vel repellendus magnam consequatur minus.', '2018-07-29 01:12:54', '2018-07-29 01:12:54', ''),
(126, 49, 'Augusta Bernhard', 'Weston O\'Keefe', 'Prof. Ayden Feil', 'Dr. Verner Dietrich I', 'Mollitia quam voluptas reiciendis dolores tempora. Aut iure aliquam vero. Quidem quam temporibus commodi voluptate nobis dignissimos ut. Qui saepe omnis enim alias recusandae.', '2018-07-29 01:12:54', '2018-07-29 01:12:54', ''),
(127, 46, 'Torrey Collier', 'Fiona Weissnat', 'Donna Ankunding', 'Xavier Frami II', 'Sit rerum labore incidunt ut. Aperiam repudiandae cum est ad aspernatur. Illo odio ipsum voluptatum quae deleniti. Doloremque et omnis est quis iste eius odit quia. Eaque illum asperiores et qui.', '2018-07-29 01:12:54', '2018-07-29 01:12:54', ''),
(128, 33, 'Christ Cummerata', 'Otha Botsford MD', 'Mr. Neil Strosin', 'Vickie Graham', 'Commodi modi dolor nihil aspernatur eos voluptatum cupiditate. Qui assumenda qui qui nihil sed harum ex. Maxime vel totam non sit et.', '2018-07-29 01:12:54', '2018-07-29 01:12:54', ''),
(129, 46, 'Palma DuBuque V', 'Reynold Emmerich', 'Archibald Reinger', 'Dr. Emilie Carroll DDS', 'Labore iste in vel nulla consectetur. Nulla voluptatem culpa et et fuga dolorum et. Beatae et quo consectetur maiores in quo labore.', '2018-07-29 01:12:54', '2018-07-29 01:12:54', ''),
(130, 12, 'Vivien Considine', 'Cicero Carroll', 'Dr. Camille Hill', 'Luisa Stoltenberg', 'Earum sed aut et ut praesentium optio eaque. Quod et soluta autem repellat. Id et eligendi vitae mollitia.', '2018-07-29 01:12:54', '2018-07-29 01:12:54', ''),
(131, 30, 'Nicola Stiedemann Jr.', 'Theresa Feest', 'Annamae McCullough', 'Mrs. Jeanette Quitzon', 'Est nam perferendis quia enim quidem recusandae. Distinctio inventore sed aut corporis. Iure et quaerat praesentium voluptatibus est. In omnis aperiam magni provident praesentium voluptatem.', '2018-07-29 01:12:54', '2018-07-29 01:12:54', ''),
(132, 17, 'Justice Bogisich', 'Miles Ruecker', 'Humberto Hansen DVM', 'Anjali Monahan', 'Est voluptas doloremque sit eos velit. Dolore praesentium illo dignissimos sit omnis. Veritatis vero numquam id optio tenetur sunt.', '2018-07-29 01:12:55', '2018-07-29 01:12:55', ''),
(133, 47, 'Marcus Swaniawski', 'Dr. Kaycee McCullough Sr.', 'Mr. Irving Rosenbaum', 'Mr. Tremayne Ebert DVM', 'Maiores fugiat cum ut cumque. Cumque blanditiis aliquam quam dolore. In nulla quia ut labore. Placeat et minus animi reprehenderit.', '2018-07-29 01:12:55', '2018-07-29 01:12:55', ''),
(134, 47, 'Marina Bode', 'Queenie Kerluke', 'Dr. Bernardo Funk IV', 'Granville McDermott', 'Veritatis eum tempore a aliquam est. Fuga earum temporibus nobis recusandae sint non vel. Voluptates omnis illum ut. Nesciunt rerum dolor aut rem eos est veniam placeat.', '2018-07-29 01:12:55', '2018-07-29 01:12:55', ''),
(135, 50, 'Aric Bode', 'Mrs. Lucie Stanton', 'Ida Schmitt', 'Tod Kuhic DDS', 'Laboriosam nam sed accusamus cupiditate. Est iure autem dolore architecto eveniet. Dignissimos molestiae accusamus tempore laborum illo quam.', '2018-07-29 01:12:55', '2018-07-29 01:12:55', ''),
(136, 45, 'Reinhold Bergnaum', 'Antonette Stark', 'Abel Hodkiewicz', 'Ignacio Romaguera', 'Quia sit nostrum ipsum est corrupti aut quae et. A nulla dolor dolor vitae sunt. Omnis dolorum delectus vitae voluptas voluptas.', '2018-07-29 01:12:55', '2018-07-29 01:12:55', ''),
(137, 47, 'Annalise Kunze', 'Jalen Carter', 'Ulises Collins', 'Rubye Jenkins I', 'Quo vitae aut voluptas eius in. Fugiat officia soluta eveniet molestias alias molestias. Perferendis unde harum totam sint.', '2018-07-29 01:12:55', '2018-07-29 01:12:55', ''),
(138, 33, 'Ezekiel Murphy', 'Dr. Dayne Moen I', 'Carissa Rippin', 'Jeanie Jakubowski', 'Ut aut accusantium in veniam. Tempore facilis ab est ad. Harum inventore ipsum explicabo odio assumenda quibusdam nihil.', '2018-07-29 01:12:55', '2018-07-29 01:12:55', ''),
(139, 50, 'Cynthia Satterfield', 'Dr. Alan Gulgowski II', 'Dr. Anthony Kemmer', 'Ms. Carmen Botsford', 'Enim voluptatum consectetur et vitae rerum. Sequi quisquam reprehenderit consectetur occaecati. Dolores qui incidunt dolorem. Suscipit velit doloremque iste.', '2018-07-29 01:12:55', '2018-07-29 01:12:55', ''),
(140, 45, 'Weston Wolff', 'Alessandro Hirthe Sr.', 'Ferne Morissette', 'Rasheed Gaylord', 'Voluptatibus sed voluptatem et consequuntur perferendis beatae quam. Qui tempore ipsum ut odit distinctio et laboriosam. Inventore debitis quia laudantium ut at tempore pariatur.', '2018-07-29 01:12:55', '2018-07-29 01:12:55', ''),
(141, 32, 'Jo Koepp', 'Geovanni Nitzsche I', 'Khalid Green', 'Janiya Cassin', 'Ad explicabo unde porro necessitatibus quia qui et. Error esse dolor quaerat deserunt est. Quos impedit sit aut cumque dolore. Placeat dolores consequatur voluptate corporis cumque aut.', '2018-07-29 01:12:55', '2018-07-29 01:12:55', ''),
(142, 36, 'Ora Gulgowski', 'Cody Marvin', 'Kale Wisozk', 'Leon Hegmann PhD', 'Enim similique eius accusantium voluptatum et vero. Et consequuntur necessitatibus deserunt molestiae mollitia. Qui assumenda corrupti dolor provident quia.', '2018-07-29 01:12:55', '2018-07-29 01:12:55', ''),
(143, 45, 'Mariano Lind I', 'Larissa Ziemann', 'Jaren Ward DVM', 'Crystal Roberts', 'Dolor deleniti voluptas omnis aspernatur. Eos quaerat quia accusamus quia dolorem.', '2018-07-29 01:12:55', '2018-07-29 01:12:55', ''),
(144, 35, 'Margaretta Bernier', 'Dr. Laurianne Swaniawski DVM', 'Alana Jast', 'Meaghan Feeney', 'Vel corrupti veniam dolore voluptate culpa rerum aut. Magni molestias cum harum. Nam nemo sapiente reiciendis labore. Accusantium eos unde sequi consequuntur omnis voluptas molestiae.', '2018-07-29 01:12:55', '2018-07-29 01:12:55', ''),
(145, 11, 'Emory Strosin DDS', 'Danika Okuneva', 'Antonio Waters', 'Dr. Brooke Considine DDS', 'Est at quia veritatis quae omnis aut. Enim quo quasi blanditiis.', '2018-07-29 01:12:55', '2018-07-29 01:12:55', ''),
(146, 41, 'Marcella Volkman', 'Mia Murazik', 'Mr. Arvel Pfeffer DVM', 'Vince Von', 'Sunt qui nam qui ut omnis molestiae. Dolores sequi maxime ea molestias. Similique voluptatem reiciendis consequatur magnam dicta qui. Dolor voluptatem veniam animi modi ut quo.', '2018-07-29 01:12:55', '2018-07-29 01:12:55', ''),
(147, 48, 'Leila Boyle', 'Ms. Ludie Pacocha', 'Mrs. Savannah Hane', 'Rosalee O\'Reilly', 'Molestiae nihil aut vero reprehenderit. Ut quam fuga non omnis reiciendis sed itaque. Aperiam repellendus a qui qui dolores. Ut aut natus perspiciatis recusandae.', '2018-07-29 01:12:55', '2018-07-29 01:12:55', ''),
(148, 42, 'Marguerite Smitham', 'Ms. Crystel Waelchi IV', 'Roselyn Dibbert', 'Marietta Jacobson', 'Autem aspernatur corrupti dolorem autem ut. Qui esse iure est occaecati ut aut et. Sapiente labore facere consectetur.', '2018-07-29 01:12:55', '2018-07-29 01:12:55', ''),
(149, 39, 'Marie Hamill', 'Darwin Dare', 'Brady West DVM', 'Dr. Irma King Jr.', 'Dicta deserunt omnis ut et ducimus et sit. Voluptatem aut qui officiis rerum. Non dicta esse nihil unde quia sapiente quidem. Esse est hic in est pariatur rerum repellat.', '2018-07-29 01:12:55', '2018-07-29 01:12:55', ''),
(150, 48, 'Brenden Wiza', 'Harley Schmitt', 'Araceli Hamill', 'Miguel Olson', 'Iusto eius quis aut blanditiis quasi. Nulla sit voluptatem quia at ipsa dolorem pariatur. Eius dolor consequatur odit numquam exercitationem necessitatibus.', '2018-07-29 01:12:55', '2018-07-29 01:12:55', ''),
(151, 43, 'Prof. Lea Kub DDS', 'Ova Gibson I', 'Dr. Alan Rutherford V', 'Colin Ernser', 'Delectus omnis iure aut et ut excepturi. Quis officia culpa est sit. Ut ad quasi pariatur necessitatibus consequatur voluptas odio. Unde velit corrupti veritatis quidem pariatur.', '2018-07-29 01:12:55', '2018-07-29 01:12:55', ''),
(152, 14, 'Prof. Sofia Purdy', 'Michel Von', 'Prof. Jaylin O\'Connell', 'Carolina Hermiston', 'Nihil dolorem possimus molestias numquam repellat quo. Quia illum eum temporibus. Quis architecto non iusto omnis odio tempora consequuntur aut.', '2018-07-29 01:12:55', '2018-07-29 01:12:55', ''),
(153, 37, 'Van Corkery Sr.', 'Lacy Hodkiewicz DDS', 'Prof. Miguel Gusikowski II', 'Prof. Luciano Schimmel II', 'Eligendi ut non expedita et. Consectetur provident exercitationem iure aut impedit. Autem quas consequatur perferendis ipsam qui ut. Perspiciatis et vel consequatur ipsa atque qui quos.', '2018-07-29 01:12:55', '2018-07-29 01:12:55', ''),
(154, 21, 'Brody Wolff', 'Antwan Conn', 'Prof. Deon Goyette', 'Elisa Lubowitz', 'Quas earum deleniti cupiditate fugiat qui error incidunt. Dolores tenetur occaecati dicta natus nemo. Sint animi tempora modi porro tenetur cumque animi.', '2018-07-29 01:12:56', '2018-07-29 01:12:56', ''),
(155, 15, 'Jarrod Cole', 'Patience Dickinson', 'Magali Lebsack', 'Ralph Fadel', 'Facilis assumenda porro est dolorem iste ratione omnis. Debitis autem similique fuga quis eum dolor. Magni inventore nobis nulla.', '2018-07-29 01:12:56', '2018-07-29 01:12:56', ''),
(156, 43, 'Dr. Sanford Stracke', 'Raoul Murazik', 'Monte Reinger', 'Prof. Mossie Dare DDS', 'Magni quia aliquid quas molestias magnam voluptatibus. Voluptatum voluptatem est nihil qui earum quos occaecati. Sapiente et dicta rerum doloremque.', '2018-07-29 01:12:56', '2018-07-29 01:12:56', ''),
(157, 45, 'Arvel Connelly II', 'Patsy Douglas', 'Edmund Halvorson', 'Miss Michaela Considine Jr.', 'Saepe et et animi nisi facilis reprehenderit non. Cupiditate dolores quae deserunt. Est et id sed et accusamus sapiente hic. Autem cupiditate libero aspernatur sint est.', '2018-07-29 01:12:56', '2018-07-29 01:12:56', ''),
(158, 42, 'Dr. Morton Lesch III', 'Olin Ruecker', 'Dr. Mike Graham Jr.', 'Lenora Wiza Sr.', 'Iste molestiae qui rerum voluptatem placeat. Atque aliquam omnis dolorem provident beatae.', '2018-07-29 01:12:56', '2018-07-29 01:12:56', ''),
(159, 23, 'Alycia Brakus', 'Prof. Arne Towne MD', 'Wilmer Treutel', 'Malvina Harris', 'Et aspernatur blanditiis ut sit eum recusandae. Rerum voluptas soluta dolor consequatur perferendis. Modi autem ipsam et qui.', '2018-07-29 01:12:56', '2018-07-29 01:12:56', ''),
(160, 22, 'Savion Kris', 'Jayson Brakus', 'Haylie Leffler', 'Cole Berge', 'Doloremque non id hic ducimus hic. Delectus ratione et explicabo eum ipsum sequi earum.', '2018-07-29 01:12:56', '2018-07-29 01:12:56', ''),
(161, 38, 'Dannie Cremin', 'Nettie Beatty', 'Julien Smith', 'Lew Torphy', 'Nihil perferendis rem quia quam est molestiae eum. Ratione aperiam explicabo assumenda totam quibusdam voluptas molestiae voluptatum. Libero rem maxime ea natus accusamus saepe.', '2018-07-29 01:12:56', '2018-07-29 01:12:56', ''),
(162, 36, 'Maeve Daniel', 'Mr. Jack Schimmel DDS', 'Mrs. Asa Rogahn', 'Johann Kub I', 'Doloremque facilis consequuntur et aut et labore explicabo. Laudantium cum dolores dolor a aut quia corrupti. Placeat placeat qui ratione et. Et debitis laudantium quaerat quam et eveniet dolorum.', '2018-07-29 01:12:56', '2018-07-29 01:12:56', ''),
(163, 11, 'Nickolas Barton III', 'Jeremy Runolfsdottir', 'Aida Hermann', 'Prof. Ashleigh Pfannerstill V', 'Eveniet exercitationem accusamus debitis fuga. Quia eaque incidunt qui qui corporis velit. Et sit omnis consequatur eos quis itaque.', '2018-07-29 01:12:56', '2018-07-29 01:12:56', ''),
(164, 38, 'Loy Mohr', 'Destin Tremblay', 'Hailee Maggio', 'Reid Welch', 'Alias numquam at eligendi et. Quia assumenda dolorem eos ipsam temporibus ipsam adipisci.', '2018-07-29 01:12:56', '2018-07-29 01:12:56', ''),
(165, 26, 'Derick Ratke II', 'Elfrieda Greenholt', 'Reagan Stamm', 'Ms. Joannie McDermott', 'Non soluta fugit pariatur ut. Maxime consequuntur qui ea necessitatibus ut et dicta. Harum molestiae vel iusto quia est rerum non consequatur. Accusantium nisi recusandae sint illum commodi.', '2018-07-29 01:12:56', '2018-07-29 01:12:56', ''),
(166, 19, 'Chesley Boyle II', 'Isabell Ryan', 'Minnie Price', 'Dr. Pierce Rosenbaum', 'Non nihil voluptas reprehenderit est atque. Voluptates nihil dolores facilis optio. Necessitatibus excepturi a excepturi harum cum quia neque.', '2018-07-29 01:12:56', '2018-07-29 01:12:56', ''),
(167, 22, 'Jany Armstrong', 'Kaylie Schoen', 'Elda Medhurst', 'Demond Gulgowski', 'Ea sit placeat corrupti enim qui placeat et. Reprehenderit quod delectus laudantium id animi eligendi. Laudantium fugiat at unde molestiae dolor. Dolor vero dolorem qui id laboriosam.', '2018-07-29 01:12:56', '2018-07-29 01:12:56', ''),
(168, 20, 'Prof. Oda Effertz', 'Otha Gottlieb PhD', 'Santino Halvorson', 'Darren Cronin', 'Aut magni est omnis. Praesentium reiciendis error quia dolorem beatae quasi consequuntur. Ut molestias quasi amet non sit nostrum. Vitae aperiam perferendis hic eum corporis totam nesciunt.', '2018-07-29 01:12:56', '2018-07-29 01:12:56', '');
INSERT INTO `audio` (`id`, `album_id`, `name`, `compose`, `singer`, `genre`, `lyrics`, `created_at`, `updated_at`, `link`) VALUES
(169, 18, 'Janice Jerde', 'Miss Leilani Lebsack', 'Meghan Parker', 'Vernon Corwin', 'Est ut minus recusandae fugiat necessitatibus. Est fuga fugiat ut minima debitis facilis aliquid. Consequatur consequatur repellat culpa consequatur vitae. Ut saepe culpa et non.', '2018-07-29 01:12:56', '2018-07-29 01:12:56', ''),
(170, 23, 'Robin Stark III', 'Randall Bruen', 'Mr. Reid Lindgren', 'Juston Bergnaum', 'Est ut consequatur beatae accusamus repellat qui ipsum. Sunt consequuntur eos et facere quibusdam recusandae. Molestiae ducimus aut quia et enim.', '2018-07-29 01:12:56', '2018-07-29 01:12:56', ''),
(171, 35, 'Dr. May Bauch', 'Eldon Terry', 'Jade Hettinger DDS', 'Akeem Auer III', 'Qui fugit iste ut numquam qui. Dicta architecto tempore aspernatur nam aut dicta. Et at harum iusto hic nam.', '2018-07-29 01:12:56', '2018-07-29 01:12:56', ''),
(172, 26, 'Charles Doyle', 'Silas Witting', 'Lawson McKenzie', 'Alice Anderson', 'Cumque ab quibusdam aut. Voluptatum aut sequi tenetur quasi consequatur est officia. Nihil veritatis placeat facilis nesciunt voluptatum. Aut illo vel dolor.', '2018-07-29 01:12:57', '2018-07-29 01:12:57', ''),
(173, 45, 'Adolph King', 'Ms. Magdalena Legros', 'Casandra O\'Conner', 'Ward Roob', 'Rem architecto neque sit ex laborum. Aut et impedit quasi ut voluptate. Sequi recusandae quasi odit corrupti in. Enim veritatis quia distinctio est. Illo natus est nam quis.', '2018-07-29 01:12:57', '2018-07-29 01:12:57', ''),
(174, 36, 'Audreanne Boehm', 'Jackeline Swift', 'Prof. Godfrey Kozey MD', 'Prof. Cole Erdman', 'Ab voluptatem mollitia quia itaque. Neque possimus tenetur tempore sit qui id. Et aperiam vero sit facere. Et ut dolore cumque quos.', '2018-07-29 01:12:57', '2018-07-29 01:12:57', ''),
(175, 36, 'Otilia Roberts III', 'Laisha Bosco', 'Candida Yost', 'Mariah Gerlach DDS', 'Aut repellendus animi ducimus saepe quo quos. Velit placeat recusandae ratione explicabo nihil blanditiis sed. Eum et voluptatibus porro hic debitis.', '2018-07-29 01:12:57', '2018-07-29 01:12:57', ''),
(176, 25, 'Prof. Jasen Bartoletti', 'Noemy Berge III', 'Angie Dach', 'Braulio Spinka Jr.', 'Possimus atque sequi non nostrum voluptate voluptas. Deleniti voluptas ut maiores est totam. Pariatur voluptate ad similique placeat. Nemo doloribus quidem ea ipsam ipsam iste.', '2018-07-29 01:12:57', '2018-07-29 01:12:57', ''),
(177, 48, 'Mr. Ben Kuvalis III', 'Bernita Champlin', 'Miss Janis Hyatt III', 'Albert Langosh', 'Voluptatem iusto consequuntur nihil hic temporibus quia. Similique aut id non laborum.', '2018-07-29 01:12:57', '2018-07-29 01:12:57', ''),
(178, 50, 'Ms. Isabelle Breitenberg', 'Guy Champlin', 'Miss Lillian Luettgen V', 'Beryl Denesik DDS', 'Exercitationem voluptatum in qui eum vel inventore. Aut quisquam eaque temporibus placeat et. Officia commodi voluptatem fugit. Voluptas ut et cumque nihil autem laudantium.', '2018-07-29 01:12:57', '2018-07-29 01:12:57', ''),
(179, 24, 'Mr. Jermain Flatley', 'Prof. Mckenzie Harber', 'Breana Leuschke', 'Trey Ward', 'Totam in natus aliquam nisi. Libero laboriosam fugiat et repudiandae voluptas. Accusantium provident dolorem sed eaque est.', '2018-07-29 01:12:57', '2018-07-29 01:12:57', ''),
(180, 37, 'Francesco O\'Connell', 'Deion Brown PhD', 'Marquis VonRueden', 'Lester Thompson MD', 'Nisi ipsam magnam delectus facere nihil perferendis facilis eum. Nihil accusantium odit aut nihil non sit corrupti. Est voluptas itaque quibusdam quis debitis laboriosam alias.', '2018-07-29 01:12:57', '2018-07-29 01:12:57', ''),
(181, 41, 'Mrs. Mia Johnston', 'Keagan O\'Reilly', 'Vida Olson', 'Mrs. Oceane Fahey DVM', 'At blanditiis ut quisquam placeat. Id autem saepe nihil illum. Excepturi vel architecto aut enim.', '2018-07-29 01:12:57', '2018-07-29 01:12:57', ''),
(182, 23, 'Dax Schamberger', 'Edgar Langworth PhD', 'Jesus Willms', 'Mr. Gage Shanahan III', 'Ipsa nesciunt ea eligendi suscipit eius odio quas. Quia quod ab quo voluptatem eligendi voluptate rerum quia. Quibusdam molestiae aut tenetur quia.', '2018-07-29 01:12:57', '2018-07-29 01:12:57', ''),
(183, 27, 'Odessa Fay', 'Kole Johnston', 'Alvena Raynor', 'Mr. Kole Jakubowski PhD', 'Mollitia rerum nisi deleniti cum. Quibusdam sunt voluptas quaerat non cumque. Dicta eos ut accusamus. Ea atque voluptates animi voluptas. Non explicabo sit libero eum corporis facere qui.', '2018-07-29 01:12:57', '2018-07-29 01:12:57', ''),
(184, 44, 'Gianni Bins', 'Prof. Nigel Ullrich III', 'Chloe Mitchell', 'Roy Gusikowski', 'Repellendus omnis et quo laboriosam consequatur consequatur consectetur. Inventore dolor sint consequatur itaque corrupti voluptates. Pariatur rerum esse neque deserunt labore.', '2018-07-29 01:12:57', '2018-07-29 01:12:57', ''),
(185, 31, 'Cale Russel', 'Edmond Haag Sr.', 'Lenora Wolf', 'Lilla Hagenes', 'Aut omnis enim molestiae amet. Autem est blanditiis eum quas cupiditate. Odio debitis debitis alias veniam sed quia iste natus.', '2018-07-29 01:12:57', '2018-07-29 01:12:57', ''),
(186, 29, 'Mr. Magnus Pfeffer', 'Titus Jast', 'Prof. Kale Roberts', 'Taurean Smith', 'Aut vel dolore quibusdam fuga earum qui quis. Reiciendis at nesciunt atque qui expedita. Expedita numquam architecto ex doloremque nobis debitis harum. Iure dicta ut natus.', '2018-07-29 01:12:57', '2018-07-29 01:12:57', ''),
(187, 17, 'Vallie Metz', 'Marilou Davis', 'Miss Taryn Okuneva', 'Nona Hintz', 'Similique laboriosam occaecati harum accusantium excepturi incidunt. Similique nihil est qui rerum. Enim nobis nisi molestiae dolorem. Ipsum qui impedit dolore assumenda.', '2018-07-29 01:12:57', '2018-07-29 01:12:57', ''),
(188, 23, 'Gerda Greenfelder', 'Chadd McGlynn', 'Kaylah Bartell', 'Mr. Edward Hamill Sr.', 'Omnis repellendus ut laborum consequatur reiciendis esse est. Ex ratione excepturi vel et quam.', '2018-07-29 01:12:57', '2018-07-29 01:12:57', ''),
(189, 29, 'Mrs. Hilda Gerhold', 'Nathan Schimmel', 'Arvid Monahan', 'Josefina Crist', 'Similique neque et est id. Cum aut odit ex tempore repellendus vero. Omnis sunt repellat autem sunt iure nemo distinctio. Necessitatibus sint nam dolore est vero. Fuga laboriosam est ea quas vero.', '2018-07-29 01:12:57', '2018-07-29 01:12:57', ''),
(190, 31, 'Winona Ebert', 'Julius Ortiz Sr.', 'Javonte Brekke', 'Ms. Leda Funk V', 'Animi unde enim reprehenderit nihil. Provident eum voluptatem sit iste id. Ut enim voluptas laudantium eos neque. In reiciendis quia ut voluptatibus quo aut. Sed non nam corrupti.', '2018-07-29 01:12:58', '2018-07-29 01:12:58', ''),
(191, 45, 'Aileen Funk', 'Dr. Anais Legros II', 'Kendall Ankunding', 'Miguel O\'Hara', 'Aut est dicta velit perferendis. Beatae mollitia cumque similique sunt nostrum voluptate. Ut enim nobis quas.', '2018-07-29 01:12:58', '2018-07-29 01:12:58', ''),
(192, 36, 'Eve O\'Hara Sr.', 'Mr. Deonte Feil', 'Mariano Klocko', 'Kamryn Konopelski', 'Libero consequatur aut et alias quo rerum. Totam vel velit commodi voluptate. Est eum et optio blanditiis sequi. Sit provident iusto officiis.', '2018-07-29 01:12:58', '2018-07-29 01:12:58', ''),
(193, 23, 'Ashlee Schmidt', 'Mrs. Kaya Kuhlman', 'Miss Christine Ward DVM', 'Dr. Saul Funk', 'Neque assumenda quos unde. Aut nobis vel fugit dolorem nam architecto et. Quos est odit commodi aut totam est odit. Aliquam vel optio ea asperiores.', '2018-07-29 01:12:58', '2018-07-29 01:12:58', ''),
(194, 38, 'Seth Bogan', 'Judah Hoeger DDS', 'Theodore Collins', 'Prof. Fidel Morissette I', 'Quod ipsum aut quis porro vel. Ducimus esse nihil praesentium dolorum est. Sapiente officiis ut rerum eveniet. Dolor reiciendis autem repudiandae et fugiat ut.', '2018-07-29 01:12:58', '2018-07-29 01:12:58', ''),
(195, 24, 'Pansy Zemlak', 'Mr. Fletcher Collins', 'Verona Kshlerin DDS', 'Laisha Kemmer Jr.', 'Est praesentium placeat labore non blanditiis reiciendis. Ipsum deserunt rem amet voluptas adipisci quia. Beatae fuga nisi praesentium in aut quod.', '2018-07-29 01:12:58', '2018-07-29 01:12:58', ''),
(196, 50, 'Kasey Rice', 'Prof. Phoebe Paucek MD', 'Gunnar Witting', 'Marlee Effertz', 'Ratione voluptas dolor non dignissimos doloribus molestias facere. Sit quos at et ut soluta sed. Est rem est voluptatibus excepturi ut ut rerum quas. At sit dolore et nemo.', '2018-07-29 01:12:58', '2018-07-29 01:12:58', ''),
(197, 34, 'Sophia Deckow', 'Arjun Ebert', 'Dr. Valentin Romaguera II', 'Dr. Felton Hickle DVM', 'Unde dicta quia velit repudiandae ducimus corrupti itaque. Nihil accusamus perferendis sed impedit sequi enim omnis. Sequi vero velit rerum et voluptatem aut consequatur.', '2018-07-29 01:12:58', '2018-07-29 01:12:58', ''),
(198, 41, 'Prof. Bettie Schultz Jr.', 'Reed Ondricka DVM', 'Tyler Deckow MD', 'Erich Wolf', 'Dolores incidunt eum repellendus sed. Sint id qui impedit qui et. Laborum quia vitae est officia aut nobis sed. Sit fuga corporis pariatur minima architecto nulla dolorum repellendus.', '2018-07-29 01:12:58', '2018-07-29 01:12:58', ''),
(199, 23, 'Jevon Connelly MD', 'Russ Cassin IV', 'Clifford White', 'Emmanuel Feeney', 'Dignissimos veniam quia fugiat commodi repudiandae. Omnis et aperiam expedita saepe in. Voluptas omnis temporibus sed odit ipsum vero et at. Accusantium qui et nostrum corrupti.', '2018-07-29 01:12:58', '2018-07-29 01:12:58', ''),
(200, 35, 'Tomasa Hagenes', 'Elmer McGlynn', 'Dr. Millie Cruickshank', 'Mr. Misael Smith Jr.', 'Aliquam quia et repellendus enim voluptate. Ut voluptate cumque aut sit. Minus sed rem et quia dolor eius ab. Aperiam quo sequi dignissimos hic unde.', '2018-07-29 01:12:58', '2018-07-29 01:12:58', ''),
(201, 37, 'Miss Eileen Weissnat', 'Dr. Raven Schimmel', 'Jude Hessel', 'Felicita Torp IV', 'Eos quia excepturi sed quidem aut error minus corrupti. Doloremque illo voluptatibus fugit non ut ad. Et quasi voluptatum aperiam tempora. Magnam omnis et ratione minima eos.', '2018-07-29 01:12:58', '2018-07-29 01:12:58', ''),
(202, 25, 'Mr. Brown Parker III', 'Magnus Greenfelder', 'Ulices Christiansen', 'Russell Rippin', 'Ad dolorem illo nisi impedit laborum. Sed velit sed aut amet sint nostrum dolore. Voluptatibus quam praesentium omnis officiis quas quia in.', '2018-07-29 01:12:58', '2018-07-29 01:12:58', ''),
(203, 48, 'Ofelia Leffler', 'Rachel Kohler', 'Kayley Harris', 'Prof. Hailie Feest DVM', 'Qui quidem ut earum ut. Fuga et et accusamus quos dignissimos dolorem. Odio qui est ut voluptas voluptatem.', '2018-07-29 01:12:58', '2018-07-29 01:12:58', ''),
(204, 33, 'Meredith Kiehn', 'Laron Goyette', 'Magnolia Ledner', 'Miss Isobel Auer', 'Voluptatibus est et dolorem sed. Quod porro illum natus magnam. Ipsum delectus aut quia error omnis. Beatae aut et recusandae qui laudantium animi.', '2018-07-29 01:12:58', '2018-07-29 01:12:58', ''),
(205, 37, 'Cordia Sanford II', 'Prof. Nedra Buckridge MD', 'Timmy Collier', 'Mr. Vince Lang', 'Possimus magnam reiciendis totam ea. Earum possimus aspernatur illo quasi et veniam. Eum aut suscipit sint eaque eveniet.', '2018-07-29 01:12:58', '2018-07-29 01:12:58', ''),
(206, 40, 'Bettye Anderson', 'Saul Thiel', 'Alexandro Casper MD', 'Anabel Rogahn', 'Hic ut maiores voluptatem. Alias natus repellat minima temporibus sit aspernatur aliquam. Deserunt facere totam nisi debitis. Dolorum voluptatem voluptates dolores numquam est.', '2018-07-29 01:12:59', '2018-07-29 01:12:59', ''),
(207, 47, 'Miss Elena Lindgren V', 'Thurman Schmeler', 'Carmine Franecki', 'Kelli Kuhlman', 'Rerum reprehenderit soluta soluta debitis deleniti quod. Vel delectus voluptatem quo quos vero tempora nam at. Id vitae itaque suscipit in.', '2018-07-29 01:12:59', '2018-07-29 01:12:59', ''),
(208, 41, 'Leanna Yundt', 'Nikita Predovic', 'Mr. Richmond Wehner PhD', 'Mrs. Itzel Ryan V', 'Voluptatem dolorum et commodi error qui. Ducimus illum vero voluptatem adipisci. A ut dolores consequatur possimus officia.', '2018-07-29 01:12:59', '2018-07-29 01:12:59', ''),
(209, 32, 'Prof. Neha Mueller DDS', 'Caroline King', 'Casimer Weber', 'Dale Lehner', 'Dolor unde omnis laboriosam sapiente sit. Molestiae voluptate sed pariatur non nihil. Quisquam architecto nisi deleniti earum est quo cum excepturi. Dignissimos labore ut aut beatae labore.', '2018-07-29 01:12:59', '2018-07-29 01:12:59', ''),
(210, 47, 'Virginia Pfeffer', 'Jerry Hegmann', 'Vance Bogan', 'Christine Beier Sr.', 'Aspernatur esse modi dolorem minus et repudiandae dolor. Deleniti accusamus commodi minus quia ut voluptates rerum. Qui et eaque ex enim ab. Veniam rem voluptate dolore eos quo animi aut.', '2018-07-29 01:12:59', '2018-07-29 01:12:59', ''),
(211, 16, 'Remington Weissnat', 'Merlin Wisoky', 'Jaquan Eichmann DDS', 'Dr. Lamar Vandervort', 'Consectetur debitis quo ea nam dolore sed nobis. Excepturi voluptate aperiam est cupiditate dignissimos et.', '2018-07-29 01:12:59', '2018-07-29 01:12:59', ''),
(212, 17, 'Erik Hilpert', 'Bryana Emmerich', 'Missouri Runte', 'Mr. Winfield Hamill', 'Ipsam quaerat ea consequatur consequuntur. Expedita nostrum quasi magnam consequatur eum odio consequatur voluptatem. Repellendus enim alias deserunt recusandae sequi.', '2018-07-29 01:12:59', '2018-07-29 01:12:59', ''),
(213, 26, 'Dock Beer', 'Mr. Logan Wisoky', 'Mireille Will Jr.', 'Prof. Nakia Johns', 'Sed cum officiis tempora in. Officia rerum minus et a laborum. Itaque dignissimos non doloribus rerum quaerat id. Inventore qui repellat saepe cupiditate distinctio ea aut.', '2018-07-29 01:12:59', '2018-07-29 01:12:59', ''),
(214, 26, 'Dr. Aubree Volkman V', 'Jerad Tillman Sr.', 'Sherwood Johns DVM', 'Javier Wisoky DDS', 'Ut eum est nostrum ad. Eius labore ipsam quibusdam quasi dignissimos nihil dolore. Vel at ut omnis.', '2018-07-29 01:12:59', '2018-07-29 01:12:59', ''),
(215, 45, 'Jovan Moore', 'Jodie Jast DVM', 'Gerald Donnelly', 'Euna Fadel V', 'Quas porro facilis et quo et praesentium. Harum error ea excepturi. Illo eum praesentium est voluptatem. Reiciendis fuga tempore reiciendis et libero aliquid.', '2018-07-29 01:12:59', '2018-07-29 01:12:59', ''),
(216, 28, 'Green Mertz', 'Eloise Cronin', 'Benjamin Hudson I', 'Nikko Grant DDS', 'Eum molestias perspiciatis et est deserunt quasi. Veniam et iste ducimus ea sunt. Qui ad voluptatem ipsum consequatur dolor minus minima excepturi. Tempore modi nihil ratione qui et perferendis.', '2018-07-29 01:12:59', '2018-07-29 01:12:59', ''),
(217, 24, 'Prof. Otha Anderson V', 'Bette Goldner', 'Ludwig Crona', 'Mr. Jefferey Jacobi IV', 'Sequi eum ab quisquam impedit dolor quo tempora. Veritatis quos inventore commodi nostrum ea necessitatibus facilis.', '2018-07-29 01:12:59', '2018-07-29 01:12:59', ''),
(218, 28, 'Aracely Medhurst', 'Cleve Hahn', 'Ms. Maybelle Tromp V', 'Reese Willms I', 'Aut omnis veniam ad rerum voluptate sit. Sed quibusdam voluptatibus possimus quasi aliquam repudiandae voluptatem.', '2018-07-29 01:13:00', '2018-07-29 01:13:00', ''),
(219, 40, 'Robin Hahn', 'Mr. Wendell Hudson DVM', 'Dr. Hillard Rice III', 'Mr. Ernie Feeney IV', 'Perferendis est quos magni qui aut ullam alias. Non aut sit aliquid vero facere. Sed velit consequuntur esse voluptas voluptas accusamus eum.', '2018-07-29 01:13:00', '2018-07-29 01:13:00', ''),
(220, 28, 'Stephany Willms', 'Myrtis Luettgen', 'Donald Ferry', 'Mr. Darian Johnson', 'Aut amet perspiciatis sint assumenda. Minus enim magnam libero qui. Libero aliquam quibusdam rerum provident ad quasi. Consequuntur rerum velit suscipit aliquid suscipit.', '2018-07-29 01:13:00', '2018-07-29 01:13:00', ''),
(221, 49, 'Reuben Anderson', 'Prof. Ryleigh Yundt', 'Dr. Urban Klocko', 'Linda Lemke', 'Et animi consequatur itaque dignissimos dolores. Dolorem a odio esse et. Impedit blanditiis sed aspernatur velit eum possimus consequatur.', '2018-07-29 01:13:00', '2018-07-29 01:13:00', ''),
(222, 42, 'Prof. Giovanny Parker DDS', 'Prof. Malika Runolfsson', 'Desmond Lehner', 'Verda Durgan', 'Unde fugit aperiam nihil qui possimus. Error cumque neque rerum in dolore in. Quo sit et maiores dignissimos laudantium eaque enim. Quod excepturi vel ea omnis et.', '2018-07-29 01:13:00', '2018-07-29 01:13:00', ''),
(223, 42, 'Howard Mann', 'Dr. Clemens Koepp', 'Tiffany Stroman', 'Judy Ward', 'Ut dolor quisquam vel nam enim tempore exercitationem eum. Et nisi odit quia repellat qui aperiam cupiditate impedit. Tenetur quis beatae quo mollitia nisi rerum est. Ut ut voluptate quam.', '2018-07-29 01:13:00', '2018-07-29 01:13:00', ''),
(224, 17, 'Dagmar Howell', 'Cassidy Cole', 'Brisa Mayert', 'Mariam Rath III', 'Quo quis possimus repudiandae aliquam veniam quam dolorum. Tenetur non officiis ipsum placeat commodi eum esse.', '2018-07-29 01:13:00', '2018-07-29 01:13:00', ''),
(225, 36, 'Everette Wyman', 'Eugene Halvorson', 'Mrs. Ara Cartwright I', 'Prof. Alisha Hand IV', 'Dolore sit libero consequuntur quidem. Aut laboriosam impedit libero commodi neque ipsum ipsum molestiae. Qui dolores nihil non repellendus. Occaecati illum libero est voluptatem.', '2018-07-29 01:13:00', '2018-07-29 01:13:00', ''),
(226, 48, 'Prof. Orville O\'Reilly', 'Kayley Bednar', 'Mrs. Casandra Brown', 'Bonita Bauch', 'Harum cum suscipit libero quam. Sequi hic modi officiis doloremque nihil. Rerum quo nesciunt id et ut laboriosam dolores. Quia enim veniam nihil. Id ut in est officia.', '2018-07-29 01:13:00', '2018-07-29 01:13:00', ''),
(227, 36, 'Alan Quigley', 'Kiarra Boyle', 'Rocky Powlowski', 'Cassidy Brakus', 'Libero doloremque et temporibus voluptates. Voluptas minima hic iure qui id exercitationem quia. Non doloribus quis et aut. Omnis vero tempore magnam et laborum nesciunt.', '2018-07-29 01:13:00', '2018-07-29 01:13:00', ''),
(228, 25, 'Keaton Kiehn', 'Dr. Damion Kassulke Sr.', 'Ashlee Denesik', 'Dr. Hector Murphy PhD', 'Consequatur tempore iste sunt ad voluptatibus. Praesentium et maxime itaque asperiores. Vitae exercitationem voluptate inventore enim.', '2018-07-29 01:13:00', '2018-07-29 01:13:00', ''),
(229, 26, 'Theodore Walsh', 'Ms. Lavina Paucek', 'Miss Vernice Ernser', 'Brionna Rolfson', 'Modi quia porro animi impedit est. Dolores ut beatae illo ratione recusandae dolorem expedita sunt. Quaerat aliquam corrupti quo fuga dolores.', '2018-07-29 01:13:00', '2018-07-29 01:13:00', ''),
(230, 31, 'Jakob Conroy DVM', 'Louvenia Hills', 'Korbin Hettinger', 'Dr. Ephraim Ankunding', 'Aut praesentium similique qui aspernatur et suscipit. Enim et voluptas possimus odio quia magnam accusamus.', '2018-07-29 01:13:00', '2018-07-29 01:13:00', ''),
(231, 25, 'Constantin Terry II', 'Constance Wilderman', 'Damion Pagac', 'Lacy Larson', 'Iusto praesentium et neque. Atque et eaque itaque temporibus excepturi sapiente rerum. Ea rerum qui rerum odio ut. Dolores odio praesentium suscipit sed ut sequi.', '2018-07-29 01:13:00', '2018-07-29 01:13:00', ''),
(232, 41, 'Prof. Rafael Sawayn Jr.', 'Kade Grant', 'Kurtis Schuppe', 'Jordon Prosacco', 'Fuga accusamus est adipisci hic et deleniti dolore. Tempore molestias ut et. Quo alias dolore architecto eius tenetur qui veniam.', '2018-07-29 01:13:00', '2018-07-29 01:13:00', ''),
(233, 26, 'Malcolm Greenfelder', 'Mrs. Tara Glover', 'Novella Marks', 'Reinhold Rolfson Sr.', 'Eaque corrupti nostrum fugit totam deserunt voluptas. Vitae similique ducimus non aut in qui quasi. Sit rerum voluptatibus atque sint laborum.', '2018-07-29 01:13:00', '2018-07-29 01:13:00', ''),
(234, 33, 'Kailey Powlowski Jr.', 'Dr. Kellie Gutkowski', 'Prof. Timmy Grant Sr.', 'Dr. Asia Waelchi I', 'Voluptates rerum debitis enim suscipit sint sed unde. Velit tempore quo voluptatum consequuntur consectetur facere sit et. Sequi consequatur ad minus. In esse commodi voluptas.', '2018-07-29 01:13:00', '2018-07-29 01:13:00', ''),
(235, 49, 'Oceane Rippin', 'Prof. Stephany Mayert MD', 'Cecilia Bosco', 'Efren Harvey', 'Sed distinctio sit et expedita esse id facilis nostrum. Ut officia et quia voluptates quod sunt. Nisi laborum aut omnis repellat laboriosam atque qui. Ea est aut impedit.', '2018-07-29 01:13:00', '2018-07-29 01:13:00', ''),
(236, 42, 'Rylan Bahringer', 'Prof. Adan Keeling', 'Elias Willms', 'Vella Treutel', 'Sint perferendis quidem facilis omnis omnis. Reiciendis soluta quia ea debitis consequuntur non.', '2018-07-29 01:13:01', '2018-07-29 01:13:01', ''),
(237, 33, 'Clinton Hegmann MD', 'Jettie Schimmel Sr.', 'Beulah Schroeder', 'Gwendolyn Smith', 'Sint deserunt doloremque quibusdam aut. Et hic deleniti corporis repellendus. Rerum alias itaque ipsam omnis.', '2018-07-29 01:13:01', '2018-07-29 01:13:01', ''),
(238, 42, 'Olaf Lockman', 'Myra Wintheiser', 'Miss Aracely Turner', 'Mr. Afton Bogisich', 'Inventore rerum facere dolores et eum sunt officia. Non autem soluta dolor non non enim. Magni laboriosam quod modi eum ut. Voluptatem aut quos eum omnis minima.', '2018-07-29 01:13:01', '2018-07-29 01:13:01', ''),
(239, 48, 'Ahmed Corwin', 'Dr. Ella Schroeder', 'Shaina Reilly', 'Aisha Reichel', 'Et rem velit est vel vitae dolor. Omnis nesciunt quisquam voluptatem quis qui accusamus harum. A ut rerum error. At quidem fugiat harum in.', '2018-07-29 01:13:01', '2018-07-29 01:13:01', ''),
(240, 32, 'Gillian Schmidt', 'Donnie Roob', 'Kieran Cruickshank DVM', 'Alize Conn', 'Voluptatibus porro sed et et impedit sint. Aut magni nihil sit.', '2018-07-29 01:13:01', '2018-07-29 01:13:01', ''),
(241, 12, 'Estell Beer', 'Waylon Rutherford', 'Ismael Kilback V', 'Mr. Tre Schultz', 'Excepturi sed sunt quia hic sapiente ipsam. Aperiam magnam at consequuntur voluptatem omnis enim. Voluptatem quia autem molestiae ad voluptatem.', '2018-07-29 01:13:01', '2018-07-29 01:13:01', ''),
(242, 27, 'Leanna Halvorson', 'Jairo Blick', 'Otha Lindgren DVM', 'Weldon Schiller MD', 'Et veritatis sit quasi. Doloremque deserunt excepturi voluptatum ducimus et accusamus magnam. Culpa assumenda natus quas ut temporibus deleniti.', '2018-07-29 01:13:01', '2018-07-29 01:13:01', ''),
(243, 23, 'Alvah Zemlak', 'Estevan Price', 'Sophie Hirthe', 'Elijah Satterfield V', 'Vel et omnis quisquam aut. Dolores repellendus incidunt minima perferendis in dolorem. Illo est quis ut necessitatibus quibusdam est. Expedita qui porro placeat est veritatis.', '2018-07-29 01:13:01', '2018-07-29 01:13:01', ''),
(244, 28, 'Casey Cummings II', 'Dr. Clovis Reichert IV', 'Lois Deckow V', 'Euna Emard', 'Porro voluptas perspiciatis perferendis voluptatibus laborum qui cupiditate. Dolor harum velit qui molestias laudantium veniam vel aut. Est delectus harum quia. Nemo et officiis voluptatem.', '2018-07-29 01:13:01', '2018-07-29 01:13:01', ''),
(245, 48, 'D\'angelo O\'Hara', 'Dorthy Stark I', 'Shirley Nienow V', 'Javon Mueller', 'Modi quia optio animi quia incidunt. Dolorem voluptas voluptas voluptas repellat veritatis nostrum. Hic expedita earum non qui expedita minima fugiat.', '2018-07-29 01:13:01', '2018-07-29 01:13:01', ''),
(246, 27, 'Mr. Alford Bednar', 'Alfredo Bernier', 'Salvador Nienow', 'Idella Cruickshank', 'Quibusdam fugiat iure eum autem qui. Aut ullam a vel architecto ratione. Est qui ut a. Voluptatum tenetur quo laborum vel et similique magni. Vel quo voluptatum hic cum rerum rem.', '2018-07-29 01:13:01', '2018-07-29 01:13:01', ''),
(247, 41, 'Luis Weber II', 'Tressa Walsh', 'Buford Dooley', 'Prof. Christa Fisher Sr.', 'Perferendis expedita corrupti quisquam qui error blanditiis. Repellendus voluptatem unde adipisci qui accusantium et omnis. Ut enim sit quaerat.', '2018-07-29 01:13:01', '2018-07-29 01:13:01', ''),
(248, 19, 'Jose Ortiz', 'Yvette Hoeger', 'Mrs. Annetta Shields DVM', 'Jack Rodriguez I', 'Aut est temporibus magni similique. Et at quia quibusdam repellat. A reprehenderit ducimus perspiciatis perspiciatis hic ipsam sunt porro. Est repellat est suscipit. Dicta architecto ea corrupti.', '2018-07-29 01:13:01', '2018-07-29 01:13:01', ''),
(249, 47, 'Mr. Gus Larkin', 'Kennedi Bogisich', 'Burdette Fay', 'Myron Jerde', 'Deserunt aut aperiam voluptas reiciendis. Eos atque vitae unde perferendis officia est. Dolor voluptates possimus consequatur quod. Tenetur minus ea impedit ut accusantium placeat earum.', '2018-07-29 01:13:01', '2018-07-29 01:13:01', ''),
(250, 49, 'Sam Koepp', 'Melody Hodkiewicz', 'Zola Bergnaum', 'Mrs. Breanna Kilback', 'Assumenda ullam consequatur distinctio officia. Vel natus quibusdam qui consequuntur qui. Vel reiciendis non fugit et dolor vero.', '2018-07-29 01:13:01', '2018-07-29 01:13:01', ''),
(251, 14, 'Warren Hauck', 'Demond Emard', 'Mr. Gerson McClure', 'Ike Walter', 'Itaque quia sed et omnis autem ad iure. Molestiae nihil ea ut ut. Labore debitis nemo ut consequatur ex aut aut. Ut ad deserunt dolor voluptas est.', '2018-07-29 01:13:01', '2018-07-29 01:13:01', ''),
(252, 43, 'Prof. Elliott Zieme DVM', 'Beaulah Osinski', 'Aimee Bergnaum DDS', 'Cleta Friesen', 'Illum aut aperiam ea enim deserunt voluptatem non. Ut aut in et voluptas. Nam assumenda doloremque aliquam quia esse omnis optio.', '2018-07-29 01:13:01', '2018-07-29 01:13:01', ''),
(253, 40, 'Arjun Kutch', 'Ms. Janice Kris', 'Orin Hansen DVM', 'Destany Davis', 'Qui porro omnis adipisci hic placeat. Provident quis perspiciatis explicabo odio ullam. Nulla ipsam odit est. Enim eum est aspernatur omnis. Dolor perferendis non eos et eaque aut totam perspiciatis.', '2018-07-29 01:13:01', '2018-07-29 01:13:01', ''),
(254, 26, 'Miss Muriel Swift I', 'Cindy Stokes', 'Providenci Bailey', 'Ms. Isobel Cummerata', 'Qui nam ipsa adipisci aspernatur itaque nostrum. Qui sint qui similique fuga. Iusto et dolor non sed voluptas ex. Magnam et qui at corrupti. Sed quibusdam explicabo ea labore ut.', '2018-07-29 01:13:02', '2018-07-29 01:13:02', ''),
(255, 39, 'Jordan Conroy', 'Mrs. Delfina Hackett', 'Columbus Gutmann II', 'Dorothy Effertz', 'Cum corporis sint est hic veritatis totam. Enim non quo alias possimus. Excepturi quaerat accusamus velit incidunt consequatur. Accusantium sed accusamus dolore qui non eaque.', '2018-07-29 01:13:02', '2018-07-29 01:13:02', ''),
(256, 14, 'Prof. Harvey Harvey III', 'Prof. Andy Mante IV', 'Macey Heller', 'Eleazar Lubowitz', 'Quia ex numquam similique nemo dolorem velit autem provident. Est est voluptatem omnis amet dicta iusto. Laborum ut nobis aut nulla laudantium sunt. Facilis aut harum reiciendis fugit.', '2018-07-29 01:13:02', '2018-07-29 01:13:02', ''),
(257, 46, 'Aryanna Lakin', 'Vernice Leuschke', 'Augusta Kub', 'Bessie Ebert DDS', 'Veritatis fugit ratione et. Aspernatur recusandae non temporibus non tenetur sunt dolores. Veritatis est labore et fuga voluptas aspernatur.', '2018-07-29 01:13:02', '2018-07-29 01:13:02', ''),
(258, 36, 'Molly Goodwin', 'Delfina Sauer', 'Tad Purdy', 'Dr. Jadon Jakubowski IV', 'Aut odio quo laboriosam sit molestiae modi blanditiis. Itaque at inventore error rerum natus vel animi. Nihil hic culpa eum nisi sit. Fuga et ullam labore quasi voluptatem quaerat facilis sequi.', '2018-07-29 01:13:02', '2018-07-29 01:13:02', ''),
(259, 39, 'Jaylan Block', 'Prof. Gene Hamill Jr.', 'Kyra Brown I', 'Skyla Jakubowski', 'Sed eligendi quisquam reiciendis ex quaerat ad dolor. Soluta rerum debitis maxime ea. Ipsam hic qui omnis ut repellat labore. Ut porro voluptatem at harum eius in enim sed.', '2018-07-29 01:13:02', '2018-07-29 01:13:02', ''),
(260, 48, 'Dr. Jessy Armstrong', 'Darrin Bednar', 'Alex Zulauf', 'Tiara Hermann', 'Velit corrupti est voluptatem omnis nostrum quaerat reprehenderit dicta. Atque voluptas accusantium iste quod. Officia molestiae velit quisquam dolore facere eligendi.', '2018-07-29 01:13:02', '2018-07-29 01:13:02', ''),
(261, 50, 'Brendon Corkery DVM', 'Lessie Homenick', 'Rhea Klocko', 'Dr. Leon Hyatt Sr.', 'Sed ut nostrum enim rerum. Assumenda tenetur magni et minus.', '2018-07-29 01:13:02', '2018-07-29 01:13:02', ''),
(262, 44, 'Sophie Deckow', 'Caterina Cruickshank', 'Arielle Schinner MD', 'Prof. Ocie Gerhold', 'Est iusto animi velit debitis at ad laboriosam. Et natus ducimus officia debitis aut nisi. Sed eligendi et odio placeat qui minima. Sunt quas voluptate qui aliquid.', '2018-07-29 01:13:02', '2018-07-29 01:13:02', ''),
(263, 49, 'Mr. Charlie Marvin', 'Rogelio Greenfelder', 'Mossie Schuppe', 'Isabella Bradtke II', 'Aut voluptate et atque quia sed. Quisquam repudiandae labore qui ducimus velit qui. Veniam occaecati esse sit enim.', '2018-07-29 01:13:02', '2018-07-29 01:13:02', ''),
(264, 27, 'Theresia Ward', 'Lolita Nitzsche', 'Myrtle Ernser DDS', 'Terry Cormier', 'Esse rerum nihil est dicta facilis eius nisi. Aut sed amet est vel unde aspernatur mollitia. Exercitationem voluptates quaerat rem ut enim ratione fugit.', '2018-07-29 01:13:02', '2018-07-29 01:13:02', ''),
(265, 42, 'Raegan Medhurst', 'Prof. Julien Sporer', 'Jayce Littel DVM', 'Neva Pollich', 'Earum ipsum numquam voluptas. Sit dolores quibusdam inventore distinctio ratione neque recusandae. Dolor eligendi nobis in eos officia assumenda. Vero recusandae optio quidem totam nihil possimus et.', '2018-07-29 01:13:02', '2018-07-29 01:13:02', ''),
(266, 41, 'Mr. Lucas Upton I', 'Dr. Francisco Hodkiewicz', 'Ms. Cathy Pouros', 'Garret West', 'Non maiores error aliquam delectus. Est in aut velit sunt. Quae asperiores maxime et maiores ab ut qui.', '2018-07-29 01:13:02', '2018-07-29 01:13:02', ''),
(267, 36, 'Avis Hegmann', 'Grace Reinger', 'Arvel Powlowski', 'Herminio Littel', 'Quae ex ipsa sequi voluptatibus. Quo est ipsa illum id. Aut eligendi reiciendis omnis sapiente.', '2018-07-29 01:13:02', '2018-07-29 01:13:02', ''),
(268, 47, 'Taurean Abbott', 'Miss Carmella D\'Amore DVM', 'Dr. Jaclyn Davis V', 'Ed Cruickshank MD', 'Dolore quia iste assumenda dolor dignissimos dolor ullam numquam. Quo et accusantium odio accusamus et soluta. Ipsam reprehenderit sed ullam debitis. Sint eveniet nisi dolor non totam.', '2018-07-29 01:13:03', '2018-07-29 01:13:03', ''),
(269, 13, 'Israel Jacobi', 'Ms. Lupe Kunze DVM', 'Dr. Marcus Murphy I', 'Linnie Boyle', 'Eveniet est sunt ea et. At quidem nulla quis. Dolorem nobis dolore eligendi cum accusamus nesciunt.', '2018-07-29 01:13:03', '2018-07-29 01:13:03', ''),
(270, 29, 'Dr. Walker Deckow', 'Mrs. Ettie Upton', 'Dr. Roslyn Effertz MD', 'Yvonne Bayer', 'Saepe necessitatibus repellat iure ut omnis tempore. Animi nemo aperiam at nam distinctio. Sit commodi totam explicabo placeat.', '2018-07-29 01:13:03', '2018-07-29 01:13:03', ''),
(271, 37, 'Maeve Runte DVM', 'Sammie Weissnat', 'Sunny Barton', 'Flossie Bradtke', 'Occaecati voluptatem sit rem iusto et omnis. Corrupti aut earum reprehenderit omnis blanditiis eaque veniam.', '2018-07-29 01:13:03', '2018-07-29 01:13:03', ''),
(272, 44, 'Erna Prohaska', 'Lisandro Kovacek', 'Dr. Brown O\'Reilly', 'Alejandrin Collier', 'Beatae animi dolores earum rem alias reiciendis illum eos. Qui voluptatum esse quidem suscipit. Qui nostrum aut deserunt. Quia quia corrupti qui.', '2018-07-29 01:13:03', '2018-07-29 01:13:03', ''),
(273, 29, 'Meta Howe', 'Aric Witting', 'Dr. Harmony Schuster', 'Prof. Andreanne Rosenbaum', 'Vel sit sed quos dolore aut non quibusdam. Vitae molestiae sequi sed aut at eum quis.', '2018-07-29 01:13:03', '2018-07-29 01:13:03', ''),
(274, 42, 'Dr. Mustafa Hand', 'Kane Dach', 'Mrs. Elody Wuckert PhD', 'Ms. Alison Auer', 'Voluptas est officia quia perferendis reiciendis ratione quisquam. Autem et hic sunt. Dolorum et minima non dolorum illo aut. Soluta ullam eligendi soluta accusantium modi aut.', '2018-07-29 01:13:03', '2018-07-29 01:13:03', ''),
(275, 42, 'Prof. Mohammad Herman', 'Stephania Durgan', 'Cielo Ullrich', 'Shaniya Dickens', 'Quibusdam eum doloremque deleniti id aut quas. Ab omnis dicta corporis ut quam tempora nostrum. Omnis fuga voluptas non praesentium ipsum. Nihil officiis omnis enim similique facilis.', '2018-07-29 01:13:04', '2018-07-29 01:13:04', ''),
(276, 48, 'Genesis Hirthe Jr.', 'Prof. Ona Ziemann MD', 'Crystal Erdman', 'Jeff Hodkiewicz DDS', 'Praesentium debitis consequatur eius minima sit. Ut qui voluptatibus aperiam ut. Velit maiores assumenda totam. Rerum aliquid est qui nam tenetur quibusdam.', '2018-07-29 01:13:04', '2018-07-29 01:13:04', ''),
(277, 44, 'Mrs. Bulah Zieme III', 'Erika Macejkovic', 'Selmer VonRueden', 'Ms. Ethyl Pollich III', 'Voluptates et aspernatur maiores illum. Molestiae quo tempora et aut aut. Quia odio voluptas rerum fugit vitae. Ipsa voluptatem asperiores aut voluptas eos omnis assumenda corporis.', '2018-07-29 01:13:04', '2018-07-29 01:13:04', ''),
(278, 42, 'Mr. Dayne Muller', 'Jaida O\'Keefe', 'Dr. Jordi Langworth I', 'Luisa Gutmann I', 'Aperiam nihil eum odio aspernatur. Mollitia cum repudiandae eum voluptates consequatur. Aut ducimus omnis iusto aliquid et.', '2018-07-29 01:13:04', '2018-07-29 01:13:04', ''),
(279, 39, 'Quincy Waelchi', 'Julianne Veum DDS', 'Prof. Glennie Bashirian III', 'Aliza Jacobson', 'Ipsam quia autem exercitationem omnis ipsa repellat eum rerum. Animi et quidem ea sed. Nesciunt vitae reiciendis animi ducimus fuga.', '2018-07-29 01:13:04', '2018-07-29 01:13:04', ''),
(280, 33, 'Prof. Alexandre Herzog', 'Prof. Isobel Strosin', 'Vicky Parisian III', 'Lilly Beahan', 'Enim qui pariatur unde deserunt porro laudantium. Est voluptatem molestias veritatis quibusdam. Rem quasi ab in aut qui incidunt doloribus veritatis.', '2018-07-29 01:13:04', '2018-07-29 01:13:04', ''),
(281, 46, 'Liliana Senger', 'Dr. Era Hahn', 'Jett Stark', 'Prof. Rick Zieme', 'Sit sit inventore occaecati dolor non commodi. Molestiae esse facilis voluptate quas ipsa laboriosam quis et.', '2018-07-29 01:13:04', '2018-07-29 01:13:04', ''),
(282, 41, 'Stuart Schulist', 'Prof. Darrick Schultz', 'Sunny Stroman', 'Dr. Gabrielle Wilderman', 'Sunt voluptas sint tempora provident nam. Id non ipsam aliquam commodi quia adipisci. Laborum minima aut ducimus occaecati facere. Velit quos voluptatum aut totam et harum quia.', '2018-07-29 01:13:04', '2018-07-29 01:13:04', ''),
(283, 14, 'Alda Rau', 'Vella Miller', 'Henriette Hill', 'Alysa Kulas', 'Et sint sequi aliquam consequatur. Rerum recusandae non odio autem. Rerum molestias assumenda ea suscipit.', '2018-07-29 01:13:04', '2018-07-29 01:13:04', ''),
(284, 24, 'Kaylah Hettinger', 'Dedric Weissnat', 'Joanny Stamm', 'Cordelia Thiel', 'Reiciendis et ipsa laborum possimus. Et non est delectus praesentium et nam pariatur. Illo sit inventore vitae et et. Quod ut corporis impedit corrupti.', '2018-07-29 01:13:04', '2018-07-29 01:13:04', ''),
(285, 20, 'Fanny Kozey', 'Wayne Hettinger', 'Mohammad Ryan MD', 'Dessie Sanford', 'Et est in et magni nostrum quae delectus. Ut est error laboriosam placeat minima. Officia fuga deserunt harum vel qui rem odio.', '2018-07-29 01:13:04', '2018-07-29 01:13:04', ''),
(286, 49, 'Dr. Lilliana Lubowitz MD', 'Dannie Daugherty', 'Presley Mitchell', 'Brooke Keebler', 'Accusamus sit incidunt magnam earum suscipit similique et. Iste eveniet at quidem commodi sed voluptatem fugit et. Qui consequatur voluptas mollitia sint molestiae.', '2018-07-29 01:13:04', '2018-07-29 01:13:04', ''),
(287, 37, 'Dorris Mayer', 'Kailyn Botsford Jr.', 'Ms. Ashleigh Keebler IV', 'Harmony Leffler MD', 'Accusantium nobis optio et saepe animi et. Blanditiis neque quisquam cumque est numquam. Ipsam delectus nesciunt voluptatem corrupti dolorum.', '2018-07-29 01:13:04', '2018-07-29 01:13:04', ''),
(288, 14, 'Prof. Ronaldo Brown IV', 'Victoria Buckridge', 'Garnet Toy MD', 'Ethelyn Olson', 'Nostrum omnis possimus sint aut cum. Molestias sint nesciunt nulla ipsum illo. Qui fugit omnis quas voluptatem omnis deleniti doloremque magni. Molestias voluptatem quo est quos asperiores sed.', '2018-07-29 01:13:04', '2018-07-29 01:13:04', ''),
(289, 45, 'Selena Lemke', 'Dolores Towne', 'Dominique Boyer', 'Yazmin Monahan', 'Sint nobis quo modi et voluptatum modi ab. Officia dolores corporis est non laudantium nam. Et dolorum tempora consequatur qui necessitatibus.', '2018-07-29 01:13:04', '2018-07-29 01:13:04', ''),
(290, 17, 'Donald Lueilwitz II', 'Furman Kuvalis I', 'Loraine Rice', 'Timothy Mayer', 'Minus nihil ut maxime eius. Eaque ut omnis ut nisi molestias. Qui ad quasi ea.', '2018-07-29 01:13:04', '2018-07-29 01:13:04', ''),
(291, 45, 'Talia Kuhlman', 'Nayeli O\'Reilly', 'Dr. Lourdes Schiller', 'Mr. Bobby Gutkowski', 'Eligendi quo aut sed voluptas. Ipsum veritatis et dolorem sunt quam porro. Modi ipsum quis fuga voluptas cum quo.', '2018-07-29 01:13:04', '2018-07-29 01:13:04', ''),
(292, 37, 'Dewitt Will V', 'Marcelina Jerde', 'Miss Malinda Wolf DVM', 'Shanelle Marks', 'Blanditiis tenetur nesciunt sed facere. Repudiandae labore dolor amet quis iste distinctio ea. Quasi quo velit quo.', '2018-07-29 01:13:04', '2018-07-29 01:13:04', ''),
(293, 47, 'Prof. Raymundo Mueller IV', 'Maurice Block', 'Annetta Auer V', 'Shayne Johns', 'Officia et inventore dolor aut occaecati eaque. Optio deserunt quo sit reprehenderit. At omnis quibusdam aut aliquam voluptate magnam natus natus.', '2018-07-29 01:13:04', '2018-07-29 01:13:04', ''),
(294, 38, 'Sharon Rodriguez', 'Ms. Maxie Okuneva', 'Dr. Kayleigh Graham MD', 'May Prosacco MD', 'Voluptatibus consectetur cumque provident velit praesentium. Non quia eveniet adipisci aut id consequatur. Accusamus blanditiis exercitationem dolore dignissimos pariatur amet.', '2018-07-29 01:13:05', '2018-07-29 01:13:05', ''),
(295, 21, 'Reva Turner', 'Josiah Gleichner V', 'Marcelle Beier', 'Ernest Trantow', 'Dignissimos perspiciatis nobis illo voluptas velit. Accusamus voluptate pariatur voluptate voluptatem. Corporis dolorem hic et qui. Iure et distinctio necessitatibus voluptas occaecati dignissimos.', '2018-07-29 01:13:05', '2018-07-29 01:13:05', ''),
(296, 21, 'Camryn Dibbert', 'Prof. Coleman Wolf', 'Vidal Yundt PhD', 'Golden Quitzon DVM', 'Odit qui quos impedit modi tempore repellendus a. Quae quasi saepe explicabo minima autem rerum. Est modi eum animi deserunt.', '2018-07-29 01:13:05', '2018-07-29 01:13:05', ''),
(297, 27, 'Reuben Jones', 'Ellie Stokes', 'Lonnie Greenfelder', 'Dr. Eliza Schiller IV', 'Sit voluptas repellat aspernatur saepe quibusdam libero. Id libero sapiente laborum nulla. Eos sapiente voluptas officiis in consequatur est rerum.', '2018-07-29 01:13:05', '2018-07-29 01:13:05', ''),
(298, 15, 'Lela DuBuque', 'Jace Zulauf', 'Helen Pollich', 'Doyle Gusikowski', 'Quas molestiae qui non exercitationem. Iusto fugiat corrupti sequi fugiat ex inventore blanditiis.', '2018-07-29 01:13:05', '2018-07-29 01:13:05', ''),
(299, 31, 'Prof. Callie Effertz', 'Evans Schiller', 'Lincoln Quigley', 'Karlie Feest', 'Voluptates quidem possimus id et id. Exercitationem est harum maxime vel debitis. Voluptatem ut quis nam qui ut dolor autem. Fuga et aut praesentium iure sed ea.', '2018-07-29 01:13:05', '2018-07-29 01:13:05', ''),
(300, 48, 'Archibald Blick', 'Mrs. Damaris Will Jr.', 'Dr. Isac Lakin', 'Troy Gerlach', 'Tenetur nihil quam assumenda laborum consequatur. Nesciunt dolor dicta ipsam provident harum eos accusantium velit. Repellat et non et rerum culpa. Eos ut quia accusamus sapiente.', '2018-07-29 01:13:05', '2018-07-29 01:13:05', '');

-- --------------------------------------------------------

--
-- Table structure for table `migrations`
--

CREATE TABLE `migrations` (
  `id` int(10) UNSIGNED NOT NULL,
  `migration` varchar(191) COLLATE utf8mb4_unicode_ci NOT NULL,
  `batch` int(11) NOT NULL
) ENGINE=InnoDB DEFAULT CHARSET=utf8mb4 COLLATE=utf8mb4_unicode_ci;

--
-- Dumping data for table `migrations`
--

INSERT INTO `migrations` (`id`, `migration`, `batch`) VALUES
(51, '2014_10_12_000000_create_users_table', 1),
(52, '2014_10_12_100000_create_password_resets_table', 1),
(53, '2016_06_01_000001_create_oauth_auth_codes_table', 1),
(54, '2016_06_01_000002_create_oauth_access_tokens_table', 1),
(55, '2016_06_01_000003_create_oauth_refresh_tokens_table', 1),
(56, '2016_06_01_000004_create_oauth_clients_table', 1),
(57, '2016_06_01_000005_create_oauth_personal_access_clients_table', 1),
(58, '2018_07_19_065843_create_albums_table', 1),
(59, '2018_07_19_065916_create_audio_table', 1),
(60, '2018_07_20_061856_update_table_audio', 1);

-- --------------------------------------------------------

--
-- Table structure for table `password_resets`
--

CREATE TABLE `password_resets` (
  `email` varchar(191) COLLATE utf8mb4_unicode_ci NOT NULL,
  `token` varchar(191) COLLATE utf8mb4_unicode_ci NOT NULL,
  `created_at` timestamp NULL DEFAULT NULL
) ENGINE=InnoDB DEFAULT CHARSET=utf8mb4 COLLATE=utf8mb4_unicode_ci;

-- --------------------------------------------------------

--
-- Table structure for table `users`
--

CREATE TABLE `users` (
  `id` int(10) UNSIGNED NOT NULL,
  `name` varchar(191) COLLATE utf8mb4_unicode_ci NOT NULL,
  `email` varchar(191) COLLATE utf8mb4_unicode_ci NOT NULL,
  `password` varchar(191) COLLATE utf8mb4_unicode_ci NOT NULL,
  `remember_token` varchar(100) COLLATE utf8mb4_unicode_ci DEFAULT NULL,
  `created_at` timestamp NULL DEFAULT NULL,
  `updated_at` timestamp NULL DEFAULT NULL
) ENGINE=InnoDB DEFAULT CHARSET=utf8mb4 COLLATE=utf8mb4_unicode_ci;

--
-- Dumping data for table `users`
--

INSERT INTO `users` (`id`, `name`, `email`, `password`, `remember_token`, `created_at`, `updated_at`) VALUES
(1, 'Leilani Pacocha', 'c', '$2y$10$WCN54aVPABMK/bxN9tWWI.AG9QnhsqELED3whGZQOSNPZ9Ysg8b5K', 'Vx3OhvQkC3', '2018-07-29 01:12:11', '2018-07-29 01:12:11'),
(2, 'Alicia Dickinson', 'hreichel@example.net', '$2y$10$WCN54aVPABMK/bxN9tWWI.AG9QnhsqELED3whGZQOSNPZ9Ysg8b5K', 'i3Zprz1THg', '2018-07-29 01:12:11', '2018-07-29 01:12:11'),
(3, 'Reanna Mante', 'ukrajcik@example.org', '$2y$10$WCN54aVPABMK/bxN9tWWI.AG9QnhsqELED3whGZQOSNPZ9Ysg8b5K', 'byMULwW9ib', '2018-07-29 01:12:11', '2018-07-29 01:12:11'),
(4, 'Ophelia Nicolas', 'kshanahan@example.org', '$2y$10$WCN54aVPABMK/bxN9tWWI.AG9QnhsqELED3whGZQOSNPZ9Ysg8b5K', 'Ksg88r3Her', '2018-07-29 01:12:11', '2018-07-29 01:12:11'),
(5, 'Dr. Godfrey Rogahn V', 'fryan@example.com', '$2y$10$WCN54aVPABMK/bxN9tWWI.AG9QnhsqELED3whGZQOSNPZ9Ysg8b5K', '1079OIZQZa', '2018-07-29 01:12:11', '2018-07-29 01:12:11'),
(6, 'Moshe Tremblay', 'ogrady@example.org', '$2y$10$bA9zAu8f66UB7o4tCjO5tu1rgRMRWh9jI1q36i/XnItZdWr0hG/F.', '9G2skiDofQ', '2018-07-29 01:12:44', '2018-07-29 01:12:44'),
(7, 'Keyon Mante', 'jkoss@example.net', '$2y$10$bA9zAu8f66UB7o4tCjO5tu1rgRMRWh9jI1q36i/XnItZdWr0hG/F.', 'WYFPWDjr4C', '2018-07-29 01:12:44', '2018-07-29 01:12:44'),
(8, 'Kole Ankunding', 'strosin.judy@example.org', '$2y$10$bA9zAu8f66UB7o4tCjO5tu1rgRMRWh9jI1q36i/XnItZdWr0hG/F.', 'Ay1b2Kk3zD', '2018-07-29 01:12:44', '2018-07-29 01:12:44'),
(9, 'Miss Earnestine Hoeger', 'damian33@example.net', '$2y$10$bA9zAu8f66UB7o4tCjO5tu1rgRMRWh9jI1q36i/XnItZdWr0hG/F.', 'PCMvuHURBy', '2018-07-29 01:12:44', '2018-07-29 01:12:44'),
(10, 'Madalyn Schinner', 'parker.nikolas@example.com', '$2y$10$bA9zAu8f66UB7o4tCjO5tu1rgRMRWh9jI1q36i/XnItZdWr0hG/F.', 'vhwjFIsFWm', '2018-07-29 01:12:44', '2018-07-29 01:12:44');

--
-- Indexes for dumped tables
--

--
-- Indexes for table `albums`
--
ALTER TABLE `albums`
  ADD PRIMARY KEY (`id`),
  ADD KEY `albums_user_id_index` (`user_id`);

--
-- Indexes for table `audio`
--
ALTER TABLE `audio`
  ADD PRIMARY KEY (`id`),
  ADD KEY `audio_id_index` (`id`);

--
-- Indexes for table `migrations`
--
ALTER TABLE `migrations`
  ADD PRIMARY KEY (`id`);

--
-- Indexes for table `password_resets`
--
ALTER TABLE `password_resets`
  ADD KEY `password_resets_email_index` (`email`);

--
-- Indexes for table `users`
--
ALTER TABLE `users`
  ADD PRIMARY KEY (`id`),
  ADD UNIQUE KEY `users_email_unique` (`email`);

--
-- AUTO_INCREMENT for dumped tables
--

--
-- AUTO_INCREMENT for table `albums`
--
ALTER TABLE `albums`
  MODIFY `id` int(10) UNSIGNED NOT NULL AUTO_INCREMENT, AUTO_INCREMENT=70;

--
-- AUTO_INCREMENT for table `audio`
--
ALTER TABLE `audio`
  MODIFY `id` int(10) UNSIGNED NOT NULL AUTO_INCREMENT, AUTO_INCREMENT=301;

--
-- AUTO_INCREMENT for table `migrations`
--
ALTER TABLE `migrations`
  MODIFY `id` int(10) UNSIGNED NOT NULL AUTO_INCREMENT, AUTO_INCREMENT=61;

--
-- AUTO_INCREMENT for table `users`
--
ALTER TABLE `users`
  MODIFY `id` int(10) UNSIGNED NOT NULL AUTO_INCREMENT, AUTO_INCREMENT=11;
COMMIT;

/*!40101 SET CHARACTER_SET_CLIENT=@OLD_CHARACTER_SET_CLIENT */;
/*!40101 SET CHARACTER_SET_RESULTS=@OLD_CHARACTER_SET_RESULTS */;
/*!40101 SET COLLATION_CONNECTION=@OLD_COLLATION_CONNECTION */;
