-- phpMyAdmin SQL Dump
-- version 4.8.2
-- https://www.phpmyadmin.net/
--
-- Host: 127.0.0.1
-- Generation Time: Jul 19, 2018 at 11:28 AM
-- Server version: 10.1.34-MariaDB
-- PHP Version: 7.2.7

SET SQL_MODE = "NO_AUTO_VALUE_ON_ZERO";
SET AUTOCOMMIT = 0;
START TRANSACTION;
SET time_zone = "+00:00";


/*!40101 SET @OLD_CHARACTER_SET_CLIENT=@@CHARACTER_SET_CLIENT */;
/*!40101 SET @OLD_CHARACTER_SET_RESULTS=@@CHARACTER_SET_RESULTS */;
/*!40101 SET @OLD_COLLATION_CONNECTION=@@COLLATION_CONNECTION */;
/*!40101 SET NAMES utf8mb4 */;

--
-- Database: `fakemusic`
--

-- --------------------------------------------------------

--
-- Table structure for table `albums`
--

CREATE TABLE `albums` (
  `id` int(10) UNSIGNED NOT NULL,
  `name` varchar(191) COLLATE utf8mb4_unicode_ci NOT NULL,
  `year` varchar(191) COLLATE utf8mb4_unicode_ci NOT NULL,
  `image` text COLLATE utf8mb4_unicode_ci NOT NULL,
  `description` text COLLATE utf8mb4_unicode_ci NOT NULL,
  `created_at` timestamp NULL DEFAULT NULL,
  `updated_at` timestamp NULL DEFAULT NULL
) ENGINE=InnoDB DEFAULT CHARSET=utf8mb4 COLLATE=utf8mb4_unicode_ci;

--
-- Dumping data for table `albums`
--

INSERT INTO `albums` (`id`, `name`, `year`, `image`, `description`, `created_at`, `updated_at`) VALUES
(1, 'magnam', '2005', 'Ullam repellat ut voluptatibus similique architecto perspiciatis vel. In rerum soluta omnis ut aut. In porro veniam voluptatem. Rem vero temporibus ipsa sunt odio.', 'Repellendus aut quam non. Laborum eveniet vitae voluptate dolor. Quo est quasi molestiae dicta atque. Eligendi officia deserunt eum nobis cumque dignissimos eum.', '2018-07-19 02:22:58', '2018-07-19 02:22:58'),
(2, 'recusandae', '2006', 'Excepturi qui sed ea nihil aut. Minima quis et saepe sint sit. Sint delectus ut error itaque possimus rem. Asperiores velit qui similique quae nostrum eaque voluptas.', 'Dolorem aut quos impedit in nisi et odit et. Et illum eos qui vitae. Asperiores veritatis molestias aut.', '2018-07-19 02:22:58', '2018-07-19 02:22:58'),
(3, 'ut', '1989', 'Sunt vitae omnis repellendus eos aperiam et et explicabo. Dolore in perspiciatis nihil. Quibusdam nobis numquam voluptatibus omnis.', 'Deleniti suscipit expedita velit est eum autem placeat. Voluptatem maxime illum culpa laudantium placeat.', '2018-07-19 02:22:58', '2018-07-19 02:22:58'),
(4, 'non', '1974', 'Et aut optio et nemo a id et praesentium. Ut nemo nobis ut ad quia voluptas. Hic laudantium quaerat amet ipsam. Quae dolorem earum quia omnis omnis impedit adipisci facilis.', 'Magni voluptatum enim sequi dicta ratione minus veritatis. Dolor harum ut voluptates quo perspiciatis.', '2018-07-19 02:22:58', '2018-07-19 02:22:58'),
(5, 'sapiente', '1984', 'Veniam eius cumque possimus voluptatum aut reprehenderit. Perferendis quos est fugiat. Ipsam deleniti aut assumenda facere explicabo minus neque.', 'Qui velit et est debitis tenetur veniam. Pariatur velit non voluptas facere. Ullam similique et nulla ut fuga totam atque. Corrupti et reprehenderit enim aliquam autem dolorem minus. Accusantium error odit quo saepe maiores ea id.', '2018-07-19 02:22:58', '2018-07-19 02:22:58'),
(6, 'esse', '2016', 'Voluptas ipsum quia eos. Assumenda quia aspernatur occaecati in corporis atque sunt. Vel aut nihil tempore ab voluptas et. Sed voluptatem voluptas sint incidunt facere.', 'Neque accusamus sed quisquam tenetur recusandae. Itaque repellat velit quis tempora. Quis nobis rerum harum aliquam repellendus quia. Molestias ut nulla ut enim. Qui cumque animi et cum porro laudantium a.', '2018-07-19 02:22:58', '2018-07-19 02:22:58'),
(7, 'placeat', '1982', 'Debitis modi maxime ducimus non. Mollitia eos veritatis ut. Facere incidunt ipsa doloremque eos.', 'Explicabo iusto natus natus dolorum. Nam eos sit nisi pariatur ipsam quas dolor eum. Animi sit et quae ipsa nemo molestias.', '2018-07-19 02:22:59', '2018-07-19 02:22:59'),
(8, 'nihil', '2004', 'Facere ullam in exercitationem et. Recusandae ut neque ullam eius in. Eum ut voluptas voluptatem.', 'Sed sed itaque eum deleniti perferendis et. Assumenda pariatur ea nisi fugit ut aut ipsum sit. Exercitationem est architecto laudantium et reprehenderit nemo non. Debitis totam nemo aspernatur natus vel rem quia quia.', '2018-07-19 02:22:59', '2018-07-19 02:22:59'),
(9, 'perferendis', '2014', 'Dolor qui voluptas exercitationem soluta in molestiae voluptates explicabo. Nesciunt est consectetur reprehenderit qui voluptatem. Dolore distinctio amet laudantium est culpa est.', 'Ut expedita nostrum ratione ex. Inventore eaque et consectetur aut. Tenetur qui est consectetur non in inventore dolor enim.', '2018-07-19 02:22:59', '2018-07-19 02:22:59'),
(10, 'eveniet', '2016', 'Doloribus deleniti amet vitae eligendi. Corporis inventore iure est aut. Distinctio omnis culpa ut enim qui.', 'Quas qui eos dolorem quidem autem alias. Velit cumque ullam minima similique aspernatur. Perspiciatis error eius enim alias esse. Quas consequuntur consequatur fugit aspernatur mollitia suscipit dolor.', '2018-07-19 02:22:59', '2018-07-19 02:22:59'),
(11, 'non', '1970', 'Laborum aut eaque porro et aut quae velit hic. Ea ipsam voluptatum excepturi sapiente. Natus earum ut necessitatibus consequatur reiciendis et. Voluptas quidem dolorum asperiores provident.', 'Sit perspiciatis et consequatur ab facilis. Laudantium accusantium voluptate id adipisci neque. Occaecati id est neque quod voluptas ut. Culpa tenetur tempora at eos alias molestias.', '2018-07-19 02:22:59', '2018-07-19 02:22:59'),
(12, 'qui', '2018', 'Est mollitia quos quam atque. Laudantium praesentium architecto corporis magnam. Aut voluptatibus possimus in voluptatem.', 'Soluta nostrum nihil in et dicta nostrum asperiores perspiciatis. Odit iusto tempore saepe labore quia sapiente maxime. Ut quae libero repudiandae ipsa quia quas.', '2018-07-19 02:22:59', '2018-07-19 02:22:59'),
(13, 'necessitatibus', '2016', 'Maiores enim ea adipisci. Nulla aut non et dolorem voluptate. Deserunt et quia soluta quibusdam animi voluptates sint laboriosam.', 'Amet est officiis quia non velit similique dolores aut. Esse deserunt repudiandae et. Sit dolorum et autem eaque voluptas.', '2018-07-19 02:22:59', '2018-07-19 02:22:59'),
(14, 'sequi', '2012', 'Impedit eum tenetur consequatur quasi consequatur ad reiciendis. Itaque blanditiis neque et rerum eum atque est. Quaerat enim officiis nihil ratione.', 'Sit maxime magnam quos rem velit non. Dolorum optio labore non cupiditate voluptatem. Neque ex tempora est veniam et et.', '2018-07-19 02:22:59', '2018-07-19 02:22:59'),
(15, 'hic', '1980', 'Amet dolor soluta consectetur tenetur sequi. Numquam dolores sapiente unde doloremque iure sit nesciunt. Voluptates perspiciatis rerum et cupiditate.', 'Saepe saepe quidem suscipit libero tempora asperiores quam. Iusto facere maiores et sed. Autem sapiente consequatur velit qui asperiores qui perspiciatis.', '2018-07-19 02:22:59', '2018-07-19 02:22:59'),
(16, 'pariatur', '1970', 'Placeat deleniti numquam sint dolor dolorum eos et hic. Dignissimos laboriosam quos ex labore dolore explicabo.', 'Aut quos beatae maiores eum necessitatibus. Libero vitae quis animi sit enim minima nihil. Assumenda asperiores corporis ipsa et quasi. Eius consequatur quia aliquid debitis expedita distinctio.', '2018-07-19 02:22:59', '2018-07-19 02:22:59'),
(17, 'voluptas', '1989', 'Nihil hic eligendi deserunt quia neque vero et. Vel expedita consequatur sed aliquam incidunt. Ipsa facilis nihil autem natus quasi debitis. Et nesciunt neque tenetur voluptatem et omnis temporibus.', 'Aut aperiam sunt dolorem iste assumenda. Molestiae minima tempore nihil non sunt voluptatem magnam. Non voluptas perspiciatis odit corporis.', '2018-07-19 02:22:59', '2018-07-19 02:22:59'),
(18, 'voluptate', '1987', 'Recusandae enim culpa sint aut recusandae nisi labore voluptas. Molestias quod dignissimos dolores. Aut velit quia quia ipsam. Quo non consequatur exercitationem et.', 'Perspiciatis ut unde sequi impedit atque aspernatur. Repellendus sunt natus eaque dolor enim. Ex assumenda asperiores est dolore eaque. Voluptate rerum eum voluptatem eos.', '2018-07-19 02:22:59', '2018-07-19 02:22:59'),
(19, 'optio', '1986', 'Nam officia labore quasi voluptas minus. Odit eos et ut perspiciatis. Dolorem explicabo maxime esse voluptatem. Et a totam quia voluptates qui cum eos.', 'Maiores illum earum voluptatem qui in libero. Non molestias qui aspernatur vel aliquid et. Ut eveniet repudiandae eos ea ipsum iste.', '2018-07-19 02:22:59', '2018-07-19 02:22:59'),
(20, 'neque', '1996', 'Veniam ab sed voluptate repellendus asperiores illum non. Non totam provident ad suscipit rerum. Tempora deserunt nostrum ipsa id ut ducimus distinctio.', 'Quasi nulla qui sapiente et aperiam. Consequatur accusantium dolores iusto sed ut rerum. Vero nulla sequi dolor eum ea et qui. Iusto nemo et et natus.', '2018-07-19 02:22:59', '2018-07-19 02:22:59'),
(21, 'omnis', '1986', 'Quo a molestiae in amet. In debitis odit ex autem vero qui quasi. Delectus qui est voluptatem odit nihil aut. Et quia quidem nobis cupiditate quis. Autem ullam facilis sequi id laboriosam sit.', 'Alias molestiae minus qui vero et fugiat reiciendis. Ab repellat aut laboriosam molestiae. Est neque aut aut maiores qui doloremque delectus.', '2018-07-19 02:22:59', '2018-07-19 02:22:59'),
(22, 'sunt', '2000', 'Eaque magni quasi mollitia quaerat eaque. Porro qui dolorem veritatis dolores. Voluptatum harum facilis quas.', 'Sed aut ut quaerat vel ut alias. Doloribus similique et dolor fugit est voluptatem. Qui voluptas eligendi consequatur dicta. Distinctio consequuntur earum ipsum et consequatur.', '2018-07-19 02:22:59', '2018-07-19 02:22:59'),
(23, 'eos', '1990', 'Vel quia officia aperiam velit voluptatibus iusto. Quas optio minima est ad ut. Odit architecto voluptas id ipsa.', 'Totam est consectetur nemo atque pariatur porro qui. Quas illum facilis hic sapiente impedit sed natus. Nihil consectetur dolores minima facere velit ab placeat. Explicabo pariatur et corrupti.', '2018-07-19 02:22:59', '2018-07-19 02:22:59'),
(24, 'ut', '2010', 'Eaque commodi dolor ut ea necessitatibus. Velit quaerat aut sunt neque et. Et delectus quis quidem voluptatum velit laudantium.', 'Qui consequatur consequatur laudantium quod voluptas neque saepe. Est labore voluptatem iure qui excepturi fuga. Non quasi nihil quaerat molestiae aut facilis excepturi. Eos ducimus maiores iusto. Unde cupiditate est rerum debitis.', '2018-07-19 02:22:59', '2018-07-19 02:22:59'),
(25, 'blanditiis', '1974', 'Quod similique magni illo rerum in. Odit ut pariatur dolore doloremque laborum. Aut ut voluptatibus ab eos dolorum corporis ut. Rem vitae ut adipisci et.', 'Amet est dolorem debitis voluptas occaecati in. Consequatur voluptates aperiam nobis. Voluptas cumque tempore deserunt quae doloremque sapiente mollitia.', '2018-07-19 02:22:59', '2018-07-19 02:22:59'),
(26, 'et', '1982', 'Praesentium qui ratione occaecati corrupti amet sunt repellat temporibus. Et quia nesciunt aspernatur iure et blanditiis est ut. Provident et voluptas recusandae dolorem dolorem sint.', 'Velit maiores totam fugiat nisi. Officiis corrupti saepe illum nihil sed amet. Aut excepturi aliquam provident delectus dolorem. Provident ex corrupti enim consequatur a magnam excepturi facere.', '2018-07-19 02:22:59', '2018-07-19 02:22:59'),
(27, 'reiciendis', '1992', 'Repellendus consectetur necessitatibus molestiae quidem. Itaque minus iure quis minima vel et.', 'Cumque sint architecto dolor doloremque. Magnam magni saepe enim exercitationem. Et impedit magni dolores dolores ipsum et. Ea qui et odio dolor.', '2018-07-19 02:22:59', '2018-07-19 02:22:59'),
(28, 'enim', '2018', 'Aut quidem ut reiciendis tempora cum. Voluptatibus veniam maxime explicabo facilis tempora voluptas. Neque dolorem non ea et et quae quo atque. Perferendis enim vero quia qui animi rem sunt.', 'Fuga iure a debitis similique optio voluptatum soluta ullam. Debitis qui quasi totam a. Ut a amet modi eaque officiis.', '2018-07-19 02:22:59', '2018-07-19 02:22:59'),
(29, 'eius', '2002', 'Eos molestias dolorem sed ex. Recusandae consequatur sed suscipit quos debitis. Aliquam voluptas dolorem temporibus sit ullam harum.', 'Voluptatibus nesciunt est eius sint beatae beatae reiciendis consequatur. Laboriosam doloribus aliquid aut rerum. Voluptatem consequatur quibusdam culpa quod.', '2018-07-19 02:22:59', '2018-07-19 02:22:59'),
(30, 'necessitatibus', '1970', 'Ut harum et sit consequatur atque. Ducimus est fugiat earum. Omnis maxime est sint neque quam. Sed rerum iusto velit aut aut atque.', 'Corporis consequatur et itaque dolorem voluptate non. Aliquam magnam vel et qui eos consequuntur. Minus natus fuga et sequi debitis minus.', '2018-07-19 02:22:59', '2018-07-19 02:22:59'),
(31, 'tempore', '1973', 'Repudiandae exercitationem iste distinctio et. Dolorum at qui excepturi et atque at perferendis. Minima voluptate illum qui est adipisci sunt qui.', 'Et in eos non qui. Sed dolorum quia porro ipsam est et autem. Porro et voluptatem illum et porro maxime qui.', '2018-07-19 02:22:59', '2018-07-19 02:22:59'),
(32, 'autem', '1995', 'Fugit voluptates voluptatem necessitatibus officiis fugit. Eaque sint explicabo sit veniam sit corporis.', 'Qui quia minus quidem pariatur quibusdam amet dolor rem. Repellat iusto qui maxime qui harum eius. Sint fugit sapiente velit ratione velit.', '2018-07-19 02:22:59', '2018-07-19 02:22:59'),
(33, 'sit', '1976', 'Illum nesciunt aut provident dolorem recusandae in deleniti. Sint explicabo dolor voluptatem. Autem alias possimus non consequuntur. Error sed quos qui praesentium.', 'Aut nemo voluptatibus officiis minima. Tempore accusantium et sed nulla. Corrupti est ut aperiam incidunt at et odit vitae.', '2018-07-19 02:22:59', '2018-07-19 02:22:59'),
(34, 'neque', '1983', 'Veritatis consequatur ab vel similique pariatur. Eveniet voluptatum quo aperiam accusantium consequatur accusamus. Eius et porro vero reprehenderit quam dolorem.', 'Quae tempora illum qui architecto voluptas qui. Sed eligendi aliquam sint sunt sit. Nihil rerum expedita asperiores tenetur qui deleniti.', '2018-07-19 02:22:59', '2018-07-19 02:22:59'),
(35, 'sed', '2009', 'Dolores aut assumenda sequi aut ea. Nesciunt facilis deserunt impedit quis et aut. Molestias repudiandae minima fugiat laboriosam neque expedita aut.', 'Aut rerum praesentium consequatur autem eos ullam est. Commodi aut totam eos velit qui est. Provident veritatis ad ab sint. Optio nobis porro autem.', '2018-07-19 02:23:00', '2018-07-19 02:23:00'),
(36, 'et', '1996', 'Eligendi et veniam expedita laborum. Et eveniet id sint qui dignissimos sint inventore. Rerum totam quis quia sapiente est magni.', 'Est nemo vel nobis. Suscipit ab ut qui odit et qui laudantium odio. Hic vel dignissimos dolores perspiciatis dolor.', '2018-07-19 02:23:00', '2018-07-19 02:23:00'),
(37, 'est', '1979', 'Distinctio aut aliquid omnis iste neque doloremque dolorem. Enim unde voluptatem sed. Odio sapiente odit optio.', 'Saepe et eos et velit et quo quos accusantium. Eaque porro vitae laboriosam suscipit harum. Beatae amet sapiente eum quaerat possimus nihil.', '2018-07-19 02:23:00', '2018-07-19 02:23:00'),
(38, 'saepe', '1975', 'Cupiditate nulla odio doloribus et. Cum magnam recusandae sint molestiae. Odio sed quo ipsum sed nesciunt omnis provident.', 'In consequuntur vel vero voluptas eos error. Eligendi temporibus in iste ut. Numquam enim quam nulla vel ipsam. Est ipsam vel quisquam vero. Cumque ullam similique ipsam.', '2018-07-19 02:23:00', '2018-07-19 02:23:00'),
(39, 'rerum', '1982', 'Quae a facilis quibusdam nihil id. Similique nobis sed dicta consequatur commodi quasi porro. Nobis officia voluptatum consequatur sint sit sed deserunt voluptas.', 'Soluta laborum sed at. Ratione et delectus atque autem deserunt fugiat aliquam. Omnis fugiat ducimus ratione architecto.', '2018-07-19 02:23:00', '2018-07-19 02:23:00'),
(40, 'et', '1982', 'Et quisquam numquam cum pariatur itaque. Dolores aperiam atque consequatur et numquam vel. Dolores officia quaerat recusandae perferendis aut.', 'Qui dolorem consectetur impedit eos vel omnis modi. Saepe molestiae harum et facere consequatur repudiandae.', '2018-07-19 02:23:00', '2018-07-19 02:23:00'),
(41, 'aut', '2007', 'Quas eos quam et voluptatem et in. Eum ipsum odio voluptate perferendis non.', 'Quia ea quis voluptates libero eius. Ullam culpa odit ipsam vel qui. Voluptate autem est voluptatem maxime quas modi aut.', '2018-07-19 02:23:00', '2018-07-19 02:23:00'),
(42, 'iure', '1973', 'Ut inventore quo id veritatis. Sunt non cupiditate aliquid dolorum officiis. Ab quis non temporibus at modi.', 'Ut autem consequatur non sed minima. Ut et iure ex et. Recusandae consequuntur deserunt dolorum magni natus. Dolorem autem quo ut illo velit est. Expedita ex provident quasi aut fugiat accusantium aut.', '2018-07-19 02:23:00', '2018-07-19 02:23:00'),
(43, 'consequatur', '1981', 'Ipsam quo assumenda quod suscipit rem. Et voluptatibus id aliquam temporibus ad accusantium facere. Error eos nobis nulla et.', 'Incidunt eum corrupti iste et. Qui pariatur harum officiis. Tempore eaque perferendis voluptatem. Eos odit nihil dolorem eum quia eos ipsa. Et ut repellat odit commodi eius.', '2018-07-19 02:23:00', '2018-07-19 02:23:00'),
(44, 'omnis', '1986', 'Molestiae ab vero modi velit ex incidunt iste. Soluta dolores deleniti sed soluta voluptatem eum adipisci. Quod dolorem ipsum nam est illum blanditiis.', 'Corporis sit cumque dicta sed expedita. Consequatur et et et impedit error id ad. Soluta culpa nihil numquam facilis praesentium tempore libero dolor. Dolorem omnis perspiciatis molestiae adipisci quia qui.', '2018-07-19 02:23:00', '2018-07-19 02:23:00'),
(45, 'dolore', '1976', 'Non hic quo quam et ex tempora. Esse qui labore est. Et officiis aut est minus repellat aut facere ut.', 'Ex omnis eum aliquid impedit. Est suscipit facilis voluptatibus harum enim quisquam omnis hic. Dolorem et sed veniam tenetur expedita aliquid qui sed. Voluptas sunt eos corporis.', '2018-07-19 02:23:00', '2018-07-19 02:23:00'),
(46, 'dolore', '1985', 'Ex aut autem veritatis sapiente laborum minus omnis. Nobis autem id eaque ut debitis eveniet. Sit fuga ea perferendis autem sint et soluta ut.', 'Sit eius veritatis hic tenetur saepe quia officiis provident. Id ipsum qui magnam culpa quo eum. Atque repellat recusandae quia. Et saepe consequatur vero est at.', '2018-07-19 02:23:00', '2018-07-19 02:23:00'),
(47, 'fuga', '2009', 'Enim voluptas est natus quo. Ad aut dolores dolor quis ipsum corrupti molestiae. Ut molestias ea mollitia nulla.', 'Culpa aut quia dicta dicta dolorem tempore. Libero et ut qui minima itaque mollitia reiciendis. Amet sit dicta fugit aliquid tempore nihil voluptatem. Sint qui earum ad eos et.', '2018-07-19 02:23:00', '2018-07-19 02:23:00'),
(48, 'accusamus', '1992', 'Quis dolorem quibusdam odio repellat dolore quia. Distinctio illo est neque quia ut.', 'Autem nihil quia nesciunt ullam numquam. Soluta iure laboriosam et earum voluptas nemo. Quia culpa dolorem animi et.', '2018-07-19 02:23:00', '2018-07-19 02:23:00'),
(49, 'harum', '1973', 'Sit provident unde aliquid magnam. Magnam nemo soluta dolorem natus. Sint quis ut laborum et non quam ea. Et soluta aliquam minus corporis quaerat aut omnis.', 'Numquam quod sint pariatur error qui non quis quae. Rerum ipsam fuga distinctio et eum.', '2018-07-19 02:23:00', '2018-07-19 02:23:00'),
(50, 'omnis', '2009', 'Quia numquam commodi itaque ut. Eaque expedita et quia ut voluptas tempora mollitia officiis. Unde nam non iure qui soluta est consequuntur.', 'Et porro architecto dicta et est sed. Illum expedita aperiam aperiam cum accusamus adipisci aut. Et accusantium reprehenderit commodi harum deserunt cupiditate id. Ea eos iste ratione.', '2018-07-19 02:23:00', '2018-07-19 02:23:00');

-- --------------------------------------------------------

--
-- Table structure for table `audio`
--

CREATE TABLE `audio` (
  `id` int(10) UNSIGNED NOT NULL,
  `album_id` int(11) NOT NULL,
  `name` varchar(191) COLLATE utf8mb4_unicode_ci NOT NULL,
  `compose` varchar(191) COLLATE utf8mb4_unicode_ci NOT NULL,
  `singer` varchar(191) COLLATE utf8mb4_unicode_ci NOT NULL,
  `genre` varchar(191) COLLATE utf8mb4_unicode_ci NOT NULL,
  `lyrics` text COLLATE utf8mb4_unicode_ci NOT NULL,
  `created_at` timestamp NULL DEFAULT NULL,
  `updated_at` timestamp NULL DEFAULT NULL
) ENGINE=InnoDB DEFAULT CHARSET=utf8mb4 COLLATE=utf8mb4_unicode_ci;

--
-- Dumping data for table `audio`
--

INSERT INTO `audio` (`id`, `album_id`, `name`, `compose`, `singer`, `genre`, `lyrics`, `created_at`, `updated_at`) VALUES
(1, 28, 'Vallie Goldner', 'Prof. Sebastian Harvey MD', 'Gregory O\'Hara', 'Arlene Kuhic', 'Qui et architecto aut deleniti autem sed adipisci provident. Quaerat in est eos sequi earum. Ipsam minima vero minima maiores ut eius rerum.', '2018-07-19 02:26:57', '2018-07-19 02:26:57'),
(2, 43, 'Mr. Deshaun Stroman', 'Kevon Langworth', 'Miss Ashlynn Hudson V', 'Mrs. Lilian Braun', 'Consectetur saepe asperiores dolor mollitia eum deserunt. Nam ea ipsa enim odio quos unde. Voluptas vel fuga ut sapiente et.', '2018-07-19 02:26:57', '2018-07-19 02:26:57'),
(3, 46, 'Yasmine Swift DVM', 'Darrion O\'Kon', 'Trever Roob', 'Penelope Gislason', 'Harum consequuntur nihil esse. Atque quas quam iure commodi ea. Non libero laboriosam amet et ipsum hic repellat. Laboriosam tempora velit natus quasi accusantium est rerum.', '2018-07-19 02:26:57', '2018-07-19 02:26:57'),
(4, 44, 'Prof. Percival Stehr PhD', 'Maynard O\'Kon', 'Stella Block', 'Bennett Kerluke V', 'Rem ut est rerum delectus omnis quis incidunt. Qui non aut autem ratione.', '2018-07-19 02:26:57', '2018-07-19 02:26:57'),
(5, 47, 'Winona Rice', 'Webster Crooks', 'Jeanie Bernier', 'Janiya Funk', 'Sunt dolores quo quas. Consequatur qui tempore quo aut molestias. Cupiditate aut labore aut perferendis.', '2018-07-19 02:26:57', '2018-07-19 02:26:57'),
(6, 37, 'Junius Dickens Jr.', 'Prof. Reanna Shields DDS', 'Sabina Romaguera', 'Magdalena Blanda', 'Sapiente cum dolores ullam qui molestias ipsam. Modi facere eum adipisci sint. Et illum ut eos deleniti.', '2018-07-19 02:26:57', '2018-07-19 02:26:57'),
(7, 25, 'Alphonso Prosacco', 'Stephan Beer', 'Mikel VonRueden', 'Marietta Connelly', 'Similique eaque est recusandae aut voluptas. Iure porro sint eligendi odit cumque voluptas quia. Quas perferendis nam et et doloribus molestiae esse et.', '2018-07-19 02:26:58', '2018-07-19 02:26:58'),
(8, 41, 'Nicolas Hackett', 'Susanna Kohler', 'Estella Dibbert', 'Mr. Domenic Towne DVM', 'Et rerum voluptatem modi est. Voluptas sequi tenetur doloremque debitis dolorem dicta sed. Rerum ea error voluptatibus fuga ipsum voluptate. Qui maiores sunt dolorem quisquam.', '2018-07-19 02:26:58', '2018-07-19 02:26:58'),
(9, 41, 'Alisha Berge', 'Emelia Frami', 'Mrs. Veronica Sauer MD', 'Mr. Jacinto Blick DVM', 'Exercitationem quidem voluptate cumque minima totam dolorum suscipit. Omnis expedita eaque unde et. In quia amet qui repellendus. Aut dicta enim non quia ut rerum ut.', '2018-07-19 02:26:58', '2018-07-19 02:26:58'),
(10, 43, 'Prof. Hilbert Morar DDS', 'Dr. Eloise O\'Conner', 'Betty Kreiger', 'Leatha Kreiger', 'Aspernatur eos laborum enim eos blanditiis. Veritatis aut est dignissimos eius ducimus. Et tenetur nesciunt est ut quis repellendus vitae.', '2018-07-19 02:26:58', '2018-07-19 02:26:58'),
(11, 46, 'Nedra Reichert', 'Prof. Jude Eichmann', 'Bradley Gulgowski II', 'Amaya Harber', 'Maxime quis adipisci ad sed numquam. Enim necessitatibus explicabo natus ut. Neque quos inventore vel in culpa. Consequatur aliquam officia sed id.', '2018-07-19 02:26:58', '2018-07-19 02:26:58'),
(12, 29, 'Ransom Daniel Jr.', 'Nathaniel Christiansen', 'Theron Koepp', 'Prof. Kailey Ryan', 'At consequatur fuga qui natus animi. Cupiditate beatae praesentium quae nemo ea nesciunt iusto. Qui est hic hic quam velit hic suscipit. Suscipit repellat aut deserunt libero et enim ad.', '2018-07-19 02:26:58', '2018-07-19 02:26:58'),
(13, 47, 'Mazie Bashirian', 'Zaria Purdy I', 'Leland Bechtelar', 'Cristian Bruen', 'Quisquam quam ex occaecati quo similique. Magnam eos dignissimos eius quia nam ullam in. Fugiat earum dolor nobis pariatur id similique consequatur. Repellendus sint ex et optio ea rerum.', '2018-07-19 02:26:58', '2018-07-19 02:26:58'),
(14, 24, 'Sarai Metz II', 'Lyric Swaniawski', 'Mac Prohaska', 'Rod Daniel', 'Excepturi asperiores eos eligendi iure debitis. Quidem voluptas quisquam aut dolores. Voluptate sint et quia maiores reiciendis. Quia neque placeat asperiores exercitationem consequatur hic.', '2018-07-19 02:26:58', '2018-07-19 02:26:58'),
(15, 30, 'Barbara Hand', 'Casandra Koepp Sr.', 'Elmo Towne', 'Casimer Littel', 'Saepe aut vel quisquam et. Asperiores soluta et voluptatem doloribus eum modi. Quas qui facere sunt accusantium. Velit laboriosam quisquam in quibusdam cupiditate iusto nesciunt voluptate.', '2018-07-19 02:26:58', '2018-07-19 02:26:58'),
(16, 28, 'Mrs. Carlotta Zboncak I', 'Amelia Ratke', 'Robin Abernathy', 'Dr. Kane Goodwin DVM', 'Modi dignissimos reprehenderit quam ut. Et aliquam corporis veritatis sit et earum pariatur. Vero similique ut sit sit occaecati. Ut quia neque qui ut.', '2018-07-19 02:26:58', '2018-07-19 02:26:58'),
(17, 26, 'Damaris Hagenes', 'Ethyl Gulgowski', 'Dr. Francesco Robel PhD', 'Miss Loraine Yost', 'Sed porro ea aperiam fuga sunt ab. Exercitationem at hic sit debitis omnis et minima in. Aperiam explicabo distinctio et optio.', '2018-07-19 02:26:58', '2018-07-19 02:26:58'),
(18, 15, 'Kurtis McKenzie', 'Edward Ankunding', 'Makayla Dicki', 'Ms. Elisabeth Mann', 'Quas veniam similique rerum. Rerum aperiam labore consectetur est officia recusandae ipsa. In adipisci a unde aut beatae.', '2018-07-19 02:26:58', '2018-07-19 02:26:58'),
(19, 39, 'Aileen Jaskolski', 'Prof. Zion Schowalter', 'Mohamed McKenzie', 'Fred Dare', 'Consectetur ut debitis voluptatem soluta optio. Maiores ut ducimus ut. Laborum rerum modi placeat. Rerum deleniti rem fuga quae error voluptate doloremque.', '2018-07-19 02:26:58', '2018-07-19 02:26:58'),
(20, 27, 'Jevon Bailey', 'Margarete Hand DDS', 'Thaddeus Ryan', 'River Ernser II', 'Quis atque incidunt omnis ut perferendis quae. Minus quam quia accusamus. Sapiente soluta reprehenderit corrupti illum eaque.', '2018-07-19 02:26:58', '2018-07-19 02:26:58'),
(21, 37, 'Mathew Wilderman', 'Prof. Elwin Funk Sr.', 'Dr. Mohammed Upton', 'Terrance Mayert', 'Est iste nesciunt labore ipsum harum. Porro et et hic magni dolores optio sed. Delectus temporibus eius maiores quo. Soluta maiores dignissimos qui magni excepturi non repellat.', '2018-07-19 02:26:58', '2018-07-19 02:26:58'),
(22, 39, 'Mrs. Damaris Windler I', 'Georgette Jacobs', 'Lexus Bergstrom', 'Constance Gaylord Jr.', 'Deserunt aspernatur assumenda ratione commodi tempora sapiente ut. Amet ut eveniet aut beatae. Cupiditate incidunt qui sit impedit est error optio.', '2018-07-19 02:26:58', '2018-07-19 02:26:58'),
(23, 44, 'Krystina Kozey', 'Mrs. Marietta Dibbert', 'Toy Steuber', 'Tanner Lindgren', 'Minus voluptatem saepe nihil voluptatibus itaque est. Id est inventore accusamus eligendi veritatis consectetur a. In recusandae porro tenetur non praesentium.', '2018-07-19 02:26:58', '2018-07-19 02:26:58'),
(24, 24, 'Keven Stehr', 'Abelardo Johnson', 'Dr. Alexandro Hand V', 'Mr. Trey Lueilwitz II', 'Facere totam autem praesentium ut voluptatem omnis. Esse nam ipsam aut quae et atque. Sint illo ut consequatur nulla est qui quia dolor.', '2018-07-19 02:26:58', '2018-07-19 02:26:58'),
(25, 48, 'Emmy Romaguera', 'Lulu Turcotte Sr.', 'Maude Rempel', 'Devante Mosciski', 'Facilis adipisci et et corrupti qui adipisci et et. Reprehenderit ut et molestias eligendi dolor. Atque laboriosam voluptas ut est et quis fuga.', '2018-07-19 02:26:58', '2018-07-19 02:26:58'),
(26, 39, 'Prof. Rossie Abbott', 'Dr. Elena Bernhard', 'Frank Turner', 'Evie Schroeder', 'Quasi dolor provident qui eligendi vel ea quisquam. Qui maxime amet est debitis suscipit quae. Corporis nesciunt quia vel consectetur hic quam vel aut. Nam aut velit reiciendis cumque labore et.', '2018-07-19 02:26:58', '2018-07-19 02:26:58'),
(27, 50, 'Miss Monique Lang', 'Dr. Delaney Koepp DDS', 'Zaria Kulas', 'Dr. Porter Koss DDS', 'Sequi aliquid eveniet dolor quae. Corporis itaque nihil quia sed esse. Consequatur veritatis et debitis et.', '2018-07-19 02:26:58', '2018-07-19 02:26:58'),
(28, 49, 'Anabel Rutherford PhD', 'Sydney Oberbrunner', 'Mrs. Lucienne Hoppe III', 'Mrs. Alverta Raynor III', 'Voluptas eum eum iure natus ab. A in suscipit pariatur voluptatem velit pariatur.', '2018-07-19 02:26:59', '2018-07-19 02:26:59'),
(29, 28, 'Ms. Joy Brakus PhD', 'Mr. Emory Schowalter', 'Friedrich Lueilwitz', 'Hildegard D\'Amore', 'Est sed quia quae. Sit sed fuga libero voluptatem alias assumenda.', '2018-07-19 02:26:59', '2018-07-19 02:26:59'),
(30, 50, 'Hoyt Marks Sr.', 'Frederick Franecki', 'Judy Conroy', 'Laury Baumbach IV', 'Officia dolor ipsa eum adipisci et fuga. Sed sunt harum architecto fuga qui consequuntur modi. In error eum in doloribus.', '2018-07-19 02:26:59', '2018-07-19 02:26:59'),
(31, 28, 'Ara Braun IV', 'Ross Reichert Sr.', 'Daren Johnston', 'Ewell Morar', 'Reiciendis eos ab quibusdam officia ut. Iure ipsa et facilis sed voluptatum. Perspiciatis unde fuga est voluptatem ad.', '2018-07-19 02:26:59', '2018-07-19 02:26:59'),
(32, 34, 'Mr. Terry Gusikowski I', 'Beulah Mertz', 'Benny Ortiz', 'Ms. Dakota Rogahn DVM', 'Numquam nisi itaque eum veniam. Aut animi id voluptatem ratione omnis. Quidem corrupti ut nemo. Necessitatibus quia dolores dolorum sunt.', '2018-07-19 02:26:59', '2018-07-19 02:26:59'),
(33, 36, 'Angelica Beatty', 'Tatum Wilkinson Sr.', 'Hal Ruecker', 'Michale Abernathy', 'Ipsam deleniti nihil provident. Sed cupiditate dolorem eaque architecto. Dolor vitae iusto laborum odit dolore ex autem. Quo nulla voluptas ducimus culpa molestias autem.', '2018-07-19 02:26:59', '2018-07-19 02:26:59'),
(34, 27, 'Prof. Alysa Dickinson I', 'Dr. Glennie Witting', 'Dr. Terence Ondricka Sr.', 'Dr. Jaunita Parker', 'Quaerat voluptatem pariatur molestiae minima. Voluptatem voluptas aut qui ea. Fugiat explicabo delectus enim porro. Nam ut deserunt dolorum animi et excepturi sit.', '2018-07-19 02:26:59', '2018-07-19 02:26:59'),
(35, 28, 'Christina Satterfield II', 'Jannie Kovacek', 'Jordyn Larkin', 'Kaitlin Ryan', 'Non rerum dolores at repellat ipsam et. Doloribus quis et sit ut dolor in.', '2018-07-19 02:26:59', '2018-07-19 02:26:59'),
(36, 23, 'Evalyn Goodwin', 'Faustino Feest DDS', 'Samara Cormier', 'Ms. Madelyn Gutkowski DDS', 'Eligendi sit officia odio fugiat. Vitae et rerum quia veniam praesentium assumenda. Repellat quo debitis iusto animi. Omnis suscipit optio sit aut cum vel qui.', '2018-07-19 02:26:59', '2018-07-19 02:26:59'),
(37, 28, 'Jennie Harber', 'Naomie Schmidt IV', 'Vita Welch DDS', 'Rodolfo Williamson', 'Excepturi ex laborum sit esse expedita eos excepturi. Eum ut eaque ullam omnis voluptatem. Perspiciatis ipsam cum ut et praesentium similique laborum. Omnis unde ea rem ea neque ut numquam.', '2018-07-19 02:26:59', '2018-07-19 02:26:59'),
(38, 49, 'Donna Goyette', 'Ezekiel O\'Connell IV', 'Tiana Erdman', 'Mikayla Schmitt', 'Necessitatibus odio laboriosam velit. Voluptatum impedit consectetur in ut rem. Eos officia et praesentium inventore maiores eos fugit.', '2018-07-19 02:26:59', '2018-07-19 02:26:59'),
(39, 35, 'Dr. Estevan Morissette', 'Dr. Noemi Connelly IV', 'Alexis Mueller IV', 'Zelda Torp', 'Enim nostrum asperiores architecto suscipit autem temporibus. Accusantium sit ad et molestiae quis molestiae saepe. Iusto explicabo doloremque aut ut repellendus accusantium distinctio.', '2018-07-19 02:26:59', '2018-07-19 02:26:59'),
(40, 35, 'Austyn Gleason DDS', 'Alek Murray', 'Diana Herman Sr.', 'Janessa Koss', 'Autem alias recusandae at eaque et fugiat beatae. Porro voluptas facere odio non ipsa id. Repellat incidunt non quo veritatis qui officia ut. Et voluptas accusantium vel iusto qui ea repellendus ut.', '2018-07-19 02:26:59', '2018-07-19 02:26:59'),
(41, 32, 'Dr. Lewis Reichel', 'Miss Leatha Bailey I', 'Prof. Wilhelmine Denesik', 'Jamie Lueilwitz', 'Temporibus dolorem ipsa sit placeat velit. Enim repudiandae consequuntur qui explicabo similique ut. Deserunt ipsum commodi possimus quia eius.', '2018-07-19 02:26:59', '2018-07-19 02:26:59'),
(42, 49, 'Forest Roberts Jr.', 'Katherine Deckow', 'Irma Roob', 'Mrs. Karelle Bartell', 'Minus amet ipsum iusto cumque. Praesentium ipsum beatae impedit laboriosam. Non nam ut velit consequatur dolor. A saepe et et mollitia dolorum quod reprehenderit.', '2018-07-19 02:26:59', '2018-07-19 02:26:59'),
(43, 47, 'Josie Fisher', 'Lauriane Bogisich', 'Cortney Hauck', 'Missouri Heller', 'Harum blanditiis nostrum unde sequi soluta possimus quam. Omnis nulla accusamus nostrum sint vel veritatis. Rerum consectetur reiciendis veritatis vitae.', '2018-07-19 02:26:59', '2018-07-19 02:26:59'),
(44, 38, 'Prof. Roel Olson Sr.', 'Bridgette Ferry DVM', 'Geo Hackett', 'Jakayla Considine', 'Rerum dolores ut sed facere. Commodi nostrum ex quo optio non delectus. Autem quos est et minus.', '2018-07-19 02:26:59', '2018-07-19 02:26:59'),
(45, 12, 'Dr. Alf Jacobs', 'Jessie Baumbach', 'Rodrick Davis', 'Prof. Gabrielle Kessler', 'Sit qui doloremque ipsam soluta. Dolores modi tenetur et velit.', '2018-07-19 02:26:59', '2018-07-19 02:26:59'),
(46, 21, 'Ms. Elnora Kub', 'Heath Watsica V', 'Gene Maggio', 'Winifred Heaney', 'Et non voluptatem molestiae porro dignissimos est. Perferendis recusandae est ducimus dolore dolore dolores rerum. Facilis praesentium placeat est sed.', '2018-07-19 02:26:59', '2018-07-19 02:26:59'),
(47, 49, 'Dandre Pfeffer', 'Deshaun Kohler', 'Jonas Breitenberg PhD', 'Hester VonRueden', 'Molestiae ut temporibus quaerat vel repellendus. Maxime dolorem porro quas eveniet et neque. Distinctio enim excepturi vel officia ab. Eos vel autem voluptatibus nisi quod eius vitae culpa.', '2018-07-19 02:26:59', '2018-07-19 02:26:59'),
(48, 26, 'Milo Stroman', 'Watson Carroll', 'Frieda Weber I', 'Ova McClure PhD', 'Consequatur dolorem et qui ut est maiores sit. Sapiente aut libero accusamus aut quidem enim. Iusto illo nobis maiores laborum commodi. Laudantium dolorem veritatis placeat dolor similique eos aut.', '2018-07-19 02:26:59', '2018-07-19 02:26:59'),
(49, 50, 'Halle Botsford', 'Dr. Monty Weber', 'Dr. Hellen Feil', 'Rahul Klocko', 'Rerum reprehenderit nostrum quasi cumque aut perspiciatis non. Ea laboriosam quo cumque temporibus. Sed cumque et voluptatem et delectus. Animi ut distinctio eos temporibus.', '2018-07-19 02:27:00', '2018-07-19 02:27:00'),
(50, 39, 'Addie Spencer', 'Prof. Harold Fadel II', 'Rosamond Schowalter', 'Dr. Muhammad Marks Sr.', 'Maxime aut dolores voluptas nostrum impedit. Voluptatum ut accusantium pariatur. Qui aut est eaque aut repellendus vitae. Nam voluptatem placeat illo est cupiditate architecto.', '2018-07-19 02:27:00', '2018-07-19 02:27:00'),
(51, 43, 'Mr. Dawson Reilly', 'Betsy Zemlak', 'Louisa Schmidt DVM', 'Prof. Etha Jerde DVM', 'Consequatur aut ut vel et quis. Alias autem quas sunt laborum consequatur. Et tenetur qui non nam. Optio non eligendi omnis nesciunt consequatur necessitatibus.', '2018-07-19 02:27:00', '2018-07-19 02:27:00'),
(52, 40, 'Prof. Kayden Marvin Sr.', 'Hudson Leannon', 'Denis Padberg', 'Mr. Alex Towne II', 'Quos ut quibusdam sapiente voluptate delectus qui amet. Quis optio labore similique et earum accusantium veniam. Adipisci aut voluptatem odio impedit quas ab doloremque.', '2018-07-19 02:27:00', '2018-07-19 02:27:00'),
(53, 31, 'Dr. Jamir Schneider IV', 'Jalen Lebsack', 'Ms. Alyce Bayer', 'Karen Homenick', 'Voluptatum doloribus ab sed sapiente nihil explicabo voluptas. Aut est non quas ut temporibus dolor. Sint reiciendis a in sit exercitationem praesentium et harum. Et in iure maiores.', '2018-07-19 02:27:00', '2018-07-19 02:27:00'),
(54, 37, 'Prof. Donnie Wyman DDS', 'Mrs. Aryanna Jacobs Sr.', 'Prof. Buck Heaney', 'Jaycee Terry PhD', 'Aut fugiat amet cum quae et. Quaerat excepturi repellat suscipit quaerat. Sunt nisi vel voluptate minima natus nulla. Aperiam excepturi aut ratione reprehenderit porro architecto vel.', '2018-07-19 02:27:00', '2018-07-19 02:27:00'),
(55, 50, 'Dr. Osbaldo Hintz Jr.', 'Dr. Casimer Bins II', 'Jadon Ankunding', 'Dr. Samara Howe Jr.', 'In id perferendis magnam autem natus et. Laudantium voluptas sed qui libero. Voluptatem laudantium explicabo sequi sed. Officia omnis cumque culpa eligendi maxime est.', '2018-07-19 02:27:00', '2018-07-19 02:27:00'),
(56, 44, 'Frederik Friesen', 'Ms. Leslie Stroman PhD', 'Harley Nitzsche', 'Eloise Parisian', 'Sit eos sunt fugiat. Error odio sunt repudiandae delectus voluptate consequatur. Excepturi asperiores et ut et consequatur ipsum ea. Debitis ea voluptas in hic.', '2018-07-19 02:27:00', '2018-07-19 02:27:00'),
(57, 35, 'Rowena Franecki', 'Prof. Sharon Wiza DVM', 'Mireya Koss', 'Bridgette Parker', 'Laborum excepturi eius in qui. Deleniti quia ratione nihil quis sed harum veniam et. Molestias voluptatem neque deleniti saepe assumenda. Omnis eos quisquam consectetur qui eos eligendi aliquid.', '2018-07-19 02:27:00', '2018-07-19 02:27:00'),
(58, 37, 'Prof. Trever Bashirian', 'Kaia Halvorson', 'Miss Lysanne Marquardt MD', 'Dr. Cordell Gutmann', 'Voluptatem libero soluta est. Odit commodi aliquam sapiente optio. Ut officiis veniam consequatur ut vel repellendus. Voluptatem autem quae ut ipsam.', '2018-07-19 02:27:00', '2018-07-19 02:27:00'),
(59, 38, 'Zola O\'Conner', 'Alanis Altenwerth I', 'Dr. Earl Satterfield', 'Karianne Becker', 'In a earum ut. Qui quia sapiente eos suscipit. Dolorem dolor eum inventore architecto numquam non. Eum blanditiis voluptates sunt aut.', '2018-07-19 02:27:00', '2018-07-19 02:27:00'),
(60, 39, 'Shayne Ziemann', 'Nico Harvey', 'Dr. Leopold D\'Amore II', 'Prof. Dora Koelpin', 'Consequatur ipsa quis suscipit tempore. Perspiciatis cumque sint ipsum reprehenderit. Voluptas dolorem molestias nobis et ratione.', '2018-07-19 02:27:00', '2018-07-19 02:27:00'),
(61, 25, 'Mrs. Madonna Dare MD', 'Mabelle Wintheiser', 'Dr. Magnus Koss', 'Dr. Maddison Marquardt', 'Expedita ratione est distinctio velit aut sit placeat. Vitae labore voluptatem aliquid. Illo alias aut minima non.', '2018-07-19 02:27:00', '2018-07-19 02:27:00'),
(62, 43, 'Bridgette Gleason', 'Dr. Nora Kemmer IV', 'Jeremy Ruecker DDS', 'Domenic Kutch', 'Tempora quaerat delectus qui ut eligendi nihil suscipit eum. Accusamus non aliquam ipsum impedit dicta. Sint consequuntur et autem doloremque. Aliquid porro ea veritatis nulla harum.', '2018-07-19 02:27:00', '2018-07-19 02:27:00'),
(63, 18, 'Herminia Reichert', 'Prof. Horace Mitchell DDS', 'Allen Walker', 'Kimberly Herzog Sr.', 'Aut autem sit dolores doloremque praesentium. Ut rerum velit numquam et. Libero iusto quibusdam quia et cupiditate nihil esse.', '2018-07-19 02:27:00', '2018-07-19 02:27:00'),
(64, 40, 'Miss Nettie Greenholt', 'Sibyl Harris V', 'Guiseppe Wiegand', 'Scarlett Bogan Jr.', 'Nesciunt sint aut repudiandae. Rerum omnis iure vel voluptatem eligendi consequatur at. Recusandae quia velit quam soluta in sunt. Commodi placeat quis alias modi.', '2018-07-19 02:27:00', '2018-07-19 02:27:00'),
(65, 45, 'Julie Rice', 'Miss Stella Cremin', 'Nona Lehner', 'Margarette Schuppe Sr.', 'Ab velit rerum in quae minus saepe nulla quas. Quaerat possimus illo quis aut rerum. Quas porro consectetur laboriosam natus tenetur.', '2018-07-19 02:27:00', '2018-07-19 02:27:00'),
(66, 48, 'Rowena Durgan', 'Miss Luella Gutmann', 'Miss Telly Torp III', 'Scarlett Beier I', 'Nostrum asperiores ea laborum nihil natus. Aut nisi quae expedita voluptas nihil et. Aut necessitatibus aut minima. Aut qui ipsam neque eaque eos ullam quisquam.', '2018-07-19 02:27:00', '2018-07-19 02:27:00'),
(67, 15, 'Rebeca Kuvalis DVM', 'Jon Strosin', 'Duncan Marks', 'Mr. Miguel Dietrich Jr.', 'Eum iusto non fuga occaecati eum debitis. Quisquam a distinctio quam praesentium qui. Non officia eos dolorem quaerat quidem magnam et.', '2018-07-19 02:27:00', '2018-07-19 02:27:00'),
(68, 42, 'Prof. Walter Emard', 'Caroline West', 'Suzanne Bergnaum II', 'Lacey Cole', 'Aut maxime ipsa molestias ducimus eos sunt. Ex quas ut accusamus perferendis quos aut aliquid est. Nostrum numquam facere eveniet numquam placeat et.', '2018-07-19 02:27:01', '2018-07-19 02:27:01'),
(69, 29, 'Stanton Grady', 'Carmela Simonis III', 'Jewel Murphy', 'Lauriane Boyle', 'Et ipsum dolorum dolores reiciendis. Eligendi sit explicabo quos sequi et reiciendis commodi. Consequatur facere quo voluptas enim. Qui sunt eaque occaecati incidunt rem.', '2018-07-19 02:27:01', '2018-07-19 02:27:01'),
(70, 46, 'Edyth Dicki', 'Presley Jenkins', 'Prof. Ambrose Yost', 'Jovany Pfannerstill', 'Quis accusantium tempora laboriosam nobis et. Ex voluptates consequatur earum ut sunt. Rerum deserunt est eos perferendis delectus pariatur mollitia.', '2018-07-19 02:27:01', '2018-07-19 02:27:01'),
(71, 19, 'Chet Mohr', 'Isidro Howe', 'Eve Purdy Jr.', 'Gia Thiel', 'Provident incidunt et occaecati mollitia dignissimos minima vel. Qui odio voluptatibus fugit adipisci quia. Dolorem aut quia ea rerum.', '2018-07-19 02:27:01', '2018-07-19 02:27:01'),
(72, 46, 'Destini Sporer', 'Miss Estrella Parisian DVM', 'Rosamond O\'Keefe V', 'Damien Rolfson', 'Incidunt molestias quo quas voluptas hic et. Exercitationem ea et cum magnam. Aut quae doloribus quia voluptatem. Animi accusamus ea nam non architecto veniam dicta repellat.', '2018-07-19 02:27:01', '2018-07-19 02:27:01'),
(73, 47, 'Cleo Gutmann', 'Destinee Walsh', 'Jaquelin Schaefer', 'Zander Kiehn', 'Rerum et voluptas incidunt rerum odio. Alias voluptatem ipsa voluptas dolore in.', '2018-07-19 02:27:01', '2018-07-19 02:27:01'),
(74, 32, 'Ellis Heidenreich', 'Shana Hills', 'Ottis Borer PhD', 'Kristoffer Lynch', 'Consequatur id est eum esse ipsa aspernatur. Aliquam quaerat qui labore officiis eligendi. Vero magni qui sequi voluptas et.', '2018-07-19 02:27:01', '2018-07-19 02:27:01'),
(75, 43, 'Dr. Nya Schimmel', 'Peter Kuhlman', 'Elnora Zemlak II', 'Freida Jaskolski', 'Eos ut eligendi est ipsam recusandae officiis. Qui id sit et praesentium. Repudiandae rem omnis omnis aut repellat fuga eos.', '2018-07-19 02:27:01', '2018-07-19 02:27:01'),
(76, 24, 'Prof. Aglae D\'Amore V', 'Michale Howell', 'Dr. Lucile Kuhic DVM', 'Mr. Tyree Heidenreich II', 'Molestiae est ullam cumque minus rem saepe. Voluptatem nam tenetur quasi quisquam est sunt. Vitae atque quia et tempore sapiente laboriosam tenetur. Quia beatae magni autem.', '2018-07-19 02:27:01', '2018-07-19 02:27:01'),
(77, 42, 'Mr. Robbie Hickle IV', 'Magnolia Willms DVM', 'Naomi Kris', 'Annette Carroll', 'Assumenda omnis eius fugit vel placeat. Ducimus incidunt qui et nisi aspernatur voluptas. Non sit mollitia error porro porro omnis non fuga. Quis nobis minima et aliquid aperiam autem.', '2018-07-19 02:27:01', '2018-07-19 02:27:01'),
(78, 39, 'Ms. Ollie Powlowski IV', 'Odie White', 'Joey Welch', 'Meda Willms', 'Sint in illo qui quidem neque. Minus quae facere hic commodi aut odio. Velit et ut nesciunt quo eos deleniti quo dicta.', '2018-07-19 02:27:01', '2018-07-19 02:27:01'),
(79, 50, 'Mireya Schumm', 'Gideon Windler', 'Mrs. Rosemary Corkery IV', 'Ardith Stiedemann', 'Qui dolores magnam non consequuntur dignissimos. Quos laboriosam rerum laudantium eligendi. Tempora nobis non quia.', '2018-07-19 02:27:02', '2018-07-19 02:27:02'),
(80, 33, 'Dr. Sister Hessel', 'Madaline Weissnat', 'Prof. Eldon Lynch', 'Oren Botsford Jr.', 'Quia debitis aut magni accusamus reiciendis voluptas. Et velit est vitae exercitationem. Explicabo velit repellendus ut ullam ipsum neque atque.', '2018-07-19 02:27:02', '2018-07-19 02:27:02'),
(81, 34, 'Geovany Casper', 'Prof. Tavares Crooks', 'Seamus Gerlach', 'Jammie Beier', 'Voluptas minus est consequatur labore numquam delectus. Aliquam molestiae necessitatibus minima expedita delectus.', '2018-07-19 02:27:02', '2018-07-19 02:27:02'),
(82, 41, 'Kobe Carter', 'Mr. Lorenz Pfeffer', 'Prof. Mohamed Braun DDS', 'Ernestina Howe III', 'Id ab quia perspiciatis sunt id. Nostrum voluptas quis ipsum numquam adipisci et. Ut voluptatem cupiditate nihil suscipit. Aliquid blanditiis cum dolores nam modi totam.', '2018-07-19 02:27:02', '2018-07-19 02:27:02'),
(83, 39, 'Prof. Wiley Reilly Sr.', 'Dr. Kaylee Erdman DDS', 'Neha Casper', 'Dorothea Wisozk V', 'At sapiente saepe quis possimus impedit porro aut. Enim rerum ullam aut sit quisquam numquam quasi. Eius accusantium a nesciunt.', '2018-07-19 02:27:02', '2018-07-19 02:27:02'),
(84, 24, 'Providenci Goodwin', 'Abner Schmeler', 'Mr. Hal Krajcik', 'Cortney Pfannerstill', 'Non optio consequatur cupiditate quaerat facere quisquam non ut. Explicabo qui qui fugiat occaecati. Provident accusantium placeat minus laboriosam consequuntur.', '2018-07-19 02:27:02', '2018-07-19 02:27:02'),
(85, 50, 'Noemy Kertzmann', 'Rahul Kihn', 'Eloisa Lesch DVM', 'Rachel Schmeler', 'Animi quia corporis voluptate atque. Perspiciatis quia autem eius illo quaerat quod dolorem.', '2018-07-19 02:27:02', '2018-07-19 02:27:02'),
(86, 33, 'Lemuel Jast', 'Ari Moen', 'Mrs. Crystel Kilback II', 'Enid Bins', 'Ad tempore corrupti consectetur est nisi. Voluptatem sequi autem voluptatem dolorem illo. Distinctio similique neque optio laborum sequi.', '2018-07-19 02:27:02', '2018-07-19 02:27:02'),
(87, 32, 'Janick Walsh', 'Dr. Wayne Goodwin PhD', 'Jeanette Stoltenberg', 'Amalia Lemke', 'Maxime facilis debitis ut quibusdam. Vel est eum tempore voluptatem voluptates adipisci. Impedit sit consequatur sunt et. Et commodi error quaerat reprehenderit nobis asperiores.', '2018-07-19 02:27:02', '2018-07-19 02:27:02'),
(88, 39, 'Taryn O\'Reilly MD', 'Bulah Kshlerin', 'Jean Feeney', 'Rhoda Jacobson', 'Expedita et recusandae autem et saepe inventore. Nulla minima dolores laborum alias voluptatem. Non ut autem laboriosam voluptatem qui a natus. Ea quia repudiandae velit atque.', '2018-07-19 02:27:02', '2018-07-19 02:27:02'),
(89, 23, 'Rhianna Monahan', 'Jerrold Schmeler I', 'Ms. Alexandrea Wiegand', 'Dr. Robb Hickle', 'Eligendi nemo rem qui distinctio magni saepe. Quae sint voluptas id facilis beatae ut fuga. Magni voluptates nulla tempore tenetur.', '2018-07-19 02:27:02', '2018-07-19 02:27:02'),
(90, 25, 'Albertha Ankunding MD', 'Stuart Hagenes III', 'Dr. Colt Watsica DDS', 'Nova Emard', 'Et dolorum aut qui cum et. Aliquid consequuntur et molestiae odio aut explicabo. Repellat est assumenda officiis dolorem perspiciatis. Nobis fugiat aperiam ullam voluptatem molestiae et.', '2018-07-19 02:27:02', '2018-07-19 02:27:02'),
(91, 18, 'Marty Hilpert MD', 'Shaylee McDermott', 'Rico Schumm', 'Janae Cormier', 'Et aspernatur rerum quis voluptatem repudiandae. Non porro sequi nam rerum est ex. Voluptatem repudiandae enim est cumque. Aut omnis aut numquam omnis minima.', '2018-07-19 02:27:02', '2018-07-19 02:27:02'),
(92, 25, 'Abigail Eichmann', 'Durward Mertz', 'Mr. Davion Borer', 'Casper Rosenbaum', 'Eligendi reiciendis voluptas accusantium velit. Dignissimos veritatis asperiores iure.', '2018-07-19 02:27:02', '2018-07-19 02:27:02'),
(93, 45, 'Charity Pagac', 'Clotilde Hahn DDS', 'Annette Bruen', 'Lia Kerluke', 'Dolorum illum delectus explicabo consectetur. Similique omnis excepturi numquam et. Quia repellat rem dolorem ut tenetur.', '2018-07-19 02:27:02', '2018-07-19 02:27:02'),
(94, 11, 'Magnolia Lemke', 'Mr. Randal Eichmann', 'Susanna Hahn', 'Fidel West', 'Earum et quis soluta. Id sint magnam labore. Sint rerum et eum quisquam voluptas voluptatem numquam non.', '2018-07-19 02:27:02', '2018-07-19 02:27:02'),
(95, 21, 'Royal Gislason', 'Miss Lauren Cruickshank', 'Prof. Josephine Hintz', 'Arlene Spencer', 'Quia porro nam rerum quas aliquid quasi. Laboriosam dolorem iste et sit iure. Ut aut et molestias fuga possimus voluptatem. Vero delectus odio nobis in.', '2018-07-19 02:27:02', '2018-07-19 02:27:02'),
(96, 23, 'Kathleen Herman', 'Raquel O\'Keefe PhD', 'Effie Yost', 'Kiera Tromp', 'Earum voluptatem et quasi beatae vel qui. Eaque harum aut soluta totam assumenda vel beatae. Officiis voluptas enim autem necessitatibus.', '2018-07-19 02:27:02', '2018-07-19 02:27:02'),
(97, 43, 'Mable Kulas', 'Lina Quigley', 'Myra Hansen', 'Alexa Frami', 'Dolorum omnis eius sunt in in. Fugit quia ut distinctio sint dolores impedit earum. Eaque consequatur at nobis autem quo unde sit. Eos id perferendis dolor voluptatem numquam nihil.', '2018-07-19 02:27:03', '2018-07-19 02:27:03'),
(98, 50, 'Ms. Naomie Bednar', 'Herta Erdman', 'Prof. Napoleon Donnelly PhD', 'Oren Kuhlman', 'Ut quam sunt magnam voluptas perspiciatis illo est. Ad ut eaque aperiam qui illo repellat non. Minima blanditiis unde iusto ducimus. Molestiae et et reiciendis.', '2018-07-19 02:27:03', '2018-07-19 02:27:03'),
(99, 47, 'Ara Cummerata', 'Marilou Schultz', 'Alexandria Dietrich', 'Rodrick Yundt', 'Quia sed officiis quo. Odit et quod eos et minima eligendi non. Sunt nemo labore officiis.', '2018-07-19 02:27:03', '2018-07-19 02:27:03'),
(100, 32, 'Jammie Keeling', 'Daija Greenholt', 'Nora Mueller', 'Ivory Nader Sr.', 'Recusandae officia aspernatur ut placeat quo molestias quo. Voluptatem repellendus id et. Ut dolores tempore illum fuga beatae libero.', '2018-07-19 02:27:03', '2018-07-19 02:27:03'),
(101, 45, 'Myrna Rogahn', 'Adella Pfannerstill', 'Miss Else Douglas Sr.', 'Prof. Maggie Fadel I', 'Odit sint dolor aut consectetur vero sit. Et ad in ea sunt ea saepe ullam. Facilis facilis est delectus quo quia sunt. Dolores ut maxime praesentium rerum eligendi.', '2018-07-19 02:27:03', '2018-07-19 02:27:03'),
(102, 31, 'Prof. Michaela Kassulke II', 'Johnson Keeling', 'Mr. Wallace Cremin', 'Prof. Rod McClure I', 'Dicta et eaque ut quidem. Modi libero quia expedita blanditiis. Nisi accusamus sit aut nobis voluptatem. Soluta explicabo vero ratione eius quam quae maxime sed.', '2018-07-19 02:27:03', '2018-07-19 02:27:03'),
(103, 44, 'Chester Bechtelar', 'Winona Hodkiewicz', 'Prof. Norbert Gulgowski', 'Gladys Labadie III', 'Ipsum velit voluptatem sunt. Corporis atque amet sit quam alias. Sapiente ab omnis consequuntur eius est quis. Debitis quidem nobis adipisci repellendus et quia.', '2018-07-19 02:27:03', '2018-07-19 02:27:03'),
(104, 43, 'Desmond Rogahn', 'Francesca Hickle III', 'Georgiana Turner', 'Vincent Donnelly', 'Consequatur atque optio eius consequuntur unde amet aut. Quasi impedit voluptate est quam illo tenetur velit. Quaerat veniam nobis perferendis reprehenderit.', '2018-07-19 02:27:03', '2018-07-19 02:27:03'),
(105, 48, 'Dylan Stiedemann', 'Devante Abbott IV', 'Verda Shields', 'Susanna Keeling', 'Magnam natus libero autem sapiente ipsum. Modi quidem cum quaerat cupiditate. Deserunt unde quia esse maiores voluptates. Consequatur maiores eaque qui perferendis voluptas.', '2018-07-19 02:27:03', '2018-07-19 02:27:03'),
(106, 19, 'Laila Borer II', 'Prof. Richard Boehm II', 'Prof. Zakary Fadel', 'Norbert Bailey', 'Perferendis commodi nobis non. Est ea aut porro omnis ipsa alias nesciunt. Ut dolores exercitationem dignissimos voluptas aut. Aut optio omnis sed animi eos alias qui.', '2018-07-19 02:27:03', '2018-07-19 02:27:03'),
(107, 46, 'Mr. Allan Hill MD', 'Heber Fritsch', 'Rodrick Crooks MD', 'Dr. Terrill Durgan PhD', 'Dolores voluptas qui blanditiis et et culpa. Architecto praesentium illo sint vitae eaque minus. Eum est accusantium temporibus voluptatem similique.', '2018-07-19 02:27:03', '2018-07-19 02:27:03'),
(108, 44, 'Miss Ivah Kuhn DDS', 'Dax Jerde', 'Scot Kihn', 'Freddie Steuber', 'Officia hic exercitationem expedita beatae vel corrupti modi omnis. At aut suscipit ipsum sequi. Eum aut nulla minima earum blanditiis. Occaecati molestiae fuga dignissimos.', '2018-07-19 02:27:03', '2018-07-19 02:27:03'),
(109, 45, 'Alice Gusikowski', 'Nasir Wisozk', 'Miss Erika Brown PhD', 'Mrs. Betsy Gleason', 'Asperiores est illo id. Est a laborum officia voluptatem porro ut facere eos. In aut consequatur totam sunt est odit consequuntur. Accusantium est reiciendis autem voluptatem nisi impedit.', '2018-07-19 02:27:03', '2018-07-19 02:27:03'),
(110, 48, 'Darrell Blick DDS', 'Dr. Nicole Emard', 'Hollis Dooley', 'Barry Watsica', 'Perspiciatis cupiditate itaque adipisci. Incidunt et veritatis ad molestiae doloremque molestias qui voluptatem. Id quas error vel qui rerum.', '2018-07-19 02:27:03', '2018-07-19 02:27:03'),
(111, 40, 'Tyrell Russel III', 'Bernita Hermiston Jr.', 'Jordane Koepp', 'Maryam Effertz', 'Libero officiis ut quisquam quas asperiores ullam. Eos ipsam et optio. Ipsum in dolorem omnis esse odit sunt. Id accusantium voluptatum nostrum quas suscipit facere.', '2018-07-19 02:27:03', '2018-07-19 02:27:03'),
(112, 50, 'Treva Lemke', 'Prof. Margot Hegmann DDS', 'Mrs. Leila Bosco', 'Miss Trycia Hermann V', 'Molestias sint beatae aut corporis laudantium. Laboriosam reprehenderit sit omnis et ipsum non. Dolor quas veritatis et laboriosam veritatis.', '2018-07-19 02:27:04', '2018-07-19 02:27:04'),
(113, 47, 'Justice Wilkinson', 'Emmie Glover', 'Dr. Marcos McGlynn', 'Prof. Beulah Baumbach', 'Incidunt eaque sed temporibus qui doloribus labore dicta. Perferendis quod error autem molestiae. Sed sequi nihil dolore alias ipsam. Quae architecto et et placeat officia quia.', '2018-07-19 02:27:04', '2018-07-19 02:27:04'),
(114, 40, 'Philip Koelpin', 'Aliza Leuschke', 'Ms. Vivien Dibbert I', 'Nasir Gottlieb DVM', 'Ducimus hic hic aut harum hic omnis illo suscipit. Et sed alias iste consequuntur qui placeat porro. Neque in error magnam rerum. In deserunt eos ratione est et quisquam.', '2018-07-19 02:27:04', '2018-07-19 02:27:04'),
(115, 48, 'Hubert Trantow', 'Selena Flatley', 'Richie Leannon Sr.', 'Adela Paucek', 'Impedit ut ipsum itaque maiores. Qui magnam voluptas delectus. Est nisi minima temporibus molestiae debitis velit. Amet ut consequatur provident beatae ex sed. Accusamus minima quo non quidem.', '2018-07-19 02:27:04', '2018-07-19 02:27:04'),
(116, 14, 'Dr. Alaina Smith', 'Dovie Konopelski', 'Laverna Mayert', 'Jace Gleichner DVM', 'Praesentium et accusamus porro doloremque facilis. Rerum laudantium molestiae similique dolorum possimus. Esse quas omnis ab qui sint aut repudiandae. Voluptatem ut inventore autem a ipsum cum.', '2018-07-19 02:27:04', '2018-07-19 02:27:04'),
(117, 46, 'Aletha Schmidt', 'Kelvin Beier', 'Chadrick O\'Conner', 'Theresia Schaden', 'Qui quaerat quo ea sed eum. Temporibus eum culpa quo iusto assumenda est.', '2018-07-19 02:27:04', '2018-07-19 02:27:04'),
(118, 37, 'Corene Dooley II', 'Hallie Powlowski DDS', 'Ronaldo Swaniawski', 'Prof. Cristina Blick', 'Quae dolorem iste nobis dicta est aut. Tempora quis ab voluptates necessitatibus et accusamus eos. Porro officia fuga et officiis inventore et quas. Iure voluptate fugit labore similique quod.', '2018-07-19 02:27:04', '2018-07-19 02:27:04'),
(119, 21, 'Jessy Stark', 'Prof. Gaston Koepp Jr.', 'Ms. Elna Abernathy', 'Shanon Kassulke', 'Rerum animi a ullam dolorem et qui enim. Animi facilis et error minus molestiae. Quo aut ratione sint possimus pariatur rerum veritatis.', '2018-07-19 02:27:04', '2018-07-19 02:27:04'),
(120, 16, 'Zane Windler', 'Miss Patricia Frami', 'Zion Leannon', 'Coty Fadel', 'Nihil at et perspiciatis dolorem nihil maxime. Consequatur natus et at aut quia quasi. Harum sint mollitia nihil porro quaerat non.', '2018-07-19 02:27:04', '2018-07-19 02:27:04'),
(121, 37, 'Mr. Richie Zulauf Sr.', 'Josefina Rau', 'Hillary Champlin', 'Christop Bednar', 'Labore doloremque voluptas asperiores ut dolorem. Ratione nostrum labore qui et exercitationem tempora dolore voluptatem. Quam amet aspernatur illum alias voluptatibus libero.', '2018-07-19 02:27:04', '2018-07-19 02:27:04'),
(122, 45, 'Prof. Horacio Lowe IV', 'Mr. Ted Wilderman', 'Prof. Fidel Rohan MD', 'Prof. Nasir Kessler MD', 'Quia a maiores quaerat quos rerum nobis illo qui. Ducimus deserunt tenetur optio ratione sunt magnam.', '2018-07-19 02:27:04', '2018-07-19 02:27:04'),
(123, 44, 'Gregg Okuneva', 'Prof. Keshaun Braun Sr.', 'Dr. Darryl Bruen', 'Tomas Wiza', 'Et perferendis sint excepturi qui quibusdam. Animi ab minus eaque quod. Officia voluptatum quae eveniet.', '2018-07-19 02:27:04', '2018-07-19 02:27:04'),
(124, 38, 'Chester Ziemann', 'Gwendolyn Turcotte', 'Danika Schneider', 'Domenic Jacobson', 'Omnis corrupti qui quia et at repellendus eius. Aliquam ut omnis eius rerum sint. Illum laboriosam repellat quo ea expedita nostrum. Sunt sint in aut provident.', '2018-07-19 02:27:04', '2018-07-19 02:27:04'),
(125, 47, 'Hiram Hirthe Sr.', 'Kristian Monahan', 'Prof. Jay O\'Kon', 'Leonora Yundt', 'Et sit explicabo autem placeat quis et voluptates. Officia qui magni cupiditate voluptas consequatur. Est odit ut culpa non magnam omnis tempora perferendis.', '2018-07-19 02:27:04', '2018-07-19 02:27:04'),
(126, 31, 'Eugene Ruecker DVM', 'Ashlee Hamill', 'Kody Leffler', 'Mr. Craig Zemlak Sr.', 'Qui atque necessitatibus non veniam saepe. Nulla consequatur in accusamus quasi earum at explicabo alias. Voluptas esse sed excepturi placeat voluptatibus.', '2018-07-19 02:27:04', '2018-07-19 02:27:04'),
(127, 21, 'Mr. Gennaro Schmidt DVM', 'Elyssa Kozey', 'Nash Rippin', 'Norberto Baumbach', 'Dignissimos repudiandae sint quod fuga ipsum vel. Quibusdam nesciunt quaerat accusantium eaque est unde dolores. Est voluptatum ex eos ab modi. Placeat et consequatur nesciunt iste.', '2018-07-19 02:27:04', '2018-07-19 02:27:04'),
(128, 46, 'Antone Hahn', 'Brett Cronin', 'Gay Wiegand IV', 'Dr. Earl Goldner', 'Quis inventore enim debitis quis inventore sapiente. Occaecati et vero consectetur sunt excepturi dolorum eius. Porro exercitationem asperiores optio dignissimos ut.', '2018-07-19 02:27:04', '2018-07-19 02:27:04'),
(129, 50, 'Zachery Kuhlman', 'Miss Pearl Bailey III', 'Adele Schamberger', 'Katelin Ondricka', 'Maiores deserunt rem adipisci. Maiores expedita voluptatem sint. Non maxime sed ipsa qui nostrum sit perspiciatis quibusdam. Quas id provident vel temporibus distinctio quo accusamus culpa.', '2018-07-19 02:27:04', '2018-07-19 02:27:04'),
(130, 41, 'Berta Jerde', 'Wilmer Kihn', 'Rosalee Paucek MD', 'Aryanna Kub', 'Error et ut deleniti et voluptatem et optio. Quod est quia velit labore. Voluptas ut quis commodi adipisci eos. Quis tempora repudiandae velit ut.', '2018-07-19 02:27:05', '2018-07-19 02:27:05'),
(131, 28, 'Dario O\'Hara II', 'Miss Zoila Lemke Jr.', 'Kane Mante', 'Dovie Torphy PhD', 'Ad beatae et ut voluptatum beatae. Maiores voluptate aliquam quos at iure. Aut repellendus ut officiis culpa quas. Repellat voluptatum quia perspiciatis aspernatur fugiat consequuntur.', '2018-07-19 02:27:05', '2018-07-19 02:27:05'),
(132, 31, 'Dr. Guiseppe Rippin', 'Allene Hessel', 'Dr. Lessie Hoppe', 'Mrs. Callie Monahan', 'Vero ipsa et odit ipsum aperiam sunt accusantium. Ut sapiente delectus ullam sint praesentium beatae. Amet deleniti exercitationem sed nisi quod totam omnis. Est neque itaque voluptatum ea.', '2018-07-19 02:27:05', '2018-07-19 02:27:05'),
(133, 16, 'Piper Beier', 'Prof. Irving Sipes', 'Destany Gulgowski', 'Gilberto Kohler', 'Sunt iure totam corrupti et tempora qui amet. Non odio id quo atque provident reiciendis cumque ducimus. Consequatur libero pariatur eos dolore maxime quo.', '2018-07-19 02:27:05', '2018-07-19 02:27:05'),
(134, 23, 'Miss Breanna Walsh Sr.', 'David Tillman', 'Mr. Rowland Koss IV', 'Milton Grady', 'Molestias alias corrupti officia possimus consequatur. Dolor voluptas voluptatum temporibus ut tenetur distinctio. Veritatis fuga et sit sequi adipisci repellendus.', '2018-07-19 02:27:05', '2018-07-19 02:27:05'),
(135, 25, 'Mr. Austen Strosin II', 'Arvel Roob III', 'Mrs. Aubree VonRueden DVM', 'Anabel Waelchi', 'Rerum ducimus dolores dolores aut voluptatum. Illum est autem doloribus. Dolorem at sit consequatur magnam dolor voluptatem ex eius.', '2018-07-19 02:27:05', '2018-07-19 02:27:05'),
(136, 47, 'Dr. Green Conroy MD', 'Dr. Kory Pouros', 'Carmel Mraz', 'Dr. Lindsey Kunze', 'A modi dolorum et illo at ea. Eveniet qui nobis est nam veritatis eaque quia. Omnis repellendus adipisci dolores mollitia officiis iure. Temporibus quaerat provident maiores culpa ratione fuga.', '2018-07-19 02:27:05', '2018-07-19 02:27:05'),
(137, 45, 'Mrs. Delfina Osinski', 'Buck Kirlin', 'Felipe Ondricka III', 'Dr. Edwin Emmerich Sr.', 'Aut facere magni incidunt velit dolorem aut. Dolor molestiae cumque totam qui error sit. Omnis veritatis quod voluptatem nostrum tempora ut sunt.', '2018-07-19 02:27:05', '2018-07-19 02:27:05'),
(138, 42, 'Joanne Bernier', 'Marina Hahn', 'Diana Keeling', 'Laisha Dach', 'Ducimus est quis aut nostrum aut aspernatur unde. Est perferendis non sunt assumenda. Non velit aut quaerat error tenetur quia et.', '2018-07-19 02:27:05', '2018-07-19 02:27:05'),
(139, 43, 'Jennyfer Purdy', 'Dr. Harold Bashirian MD', 'Emelie Farrell', 'Olen Emmerich', 'Quam fuga eaque et quae. Aperiam officia qui tempora placeat maiores. Qui perferendis fugit a eum soluta.', '2018-07-19 02:27:05', '2018-07-19 02:27:05'),
(140, 49, 'Miss Shanon Cassin DVM', 'Diana Hintz', 'Mrs. Lavinia Fisher', 'Carter Weissnat', 'Facere ipsum possimus eaque non. Quisquam adipisci nihil et. Ipsa eum veniam repudiandae aut optio rerum. Nesciunt numquam tenetur est numquam eligendi. Vel illo nihil quaerat ex.', '2018-07-19 02:27:05', '2018-07-19 02:27:05'),
(141, 32, 'Eliza Yost', 'Prof. Keven Shanahan', 'Quinton Shields Jr.', 'Mr. Lorenz Friesen Jr.', 'Deleniti est quo ullam. Sed aut vel non. Et explicabo placeat qui unde minima cupiditate. Doloremque quas saepe iusto at harum.', '2018-07-19 02:27:05', '2018-07-19 02:27:05'),
(142, 48, 'Edd Hermann', 'Dustin O\'Kon', 'Clinton Erdman', 'Russel Graham', 'Atque voluptatem qui voluptatum quaerat sit. Et maxime aperiam consequatur rerum dolorum reiciendis voluptas velit. Reprehenderit qui perferendis voluptatem.', '2018-07-19 02:27:05', '2018-07-19 02:27:05'),
(143, 31, 'Dr. Janessa Yundt', 'Dr. Leonie Kohler IV', 'Lilla Collier', 'Milton Ankunding MD', 'Vel ut quia est at molestiae. Voluptate voluptatem cum quas possimus illo sapiente commodi. Sit nihil aut sit et consequatur in.', '2018-07-19 02:27:05', '2018-07-19 02:27:05'),
(144, 30, 'Litzy Schroeder', 'Cristina Marquardt', 'Dr. Eldred O\'Reilly II', 'Schuyler Steuber', 'Rem sed iusto possimus cum facilis laborum repudiandae. Dolores adipisci est aut et ipsam. Eos omnis atque tempore hic debitis et commodi aut.', '2018-07-19 02:27:05', '2018-07-19 02:27:05'),
(145, 24, 'Jewell Lockman', 'Mollie Swift', 'Ellie Roob', 'Hulda Carroll IV', 'Dolor dolorem rem voluptas sunt. Voluptate accusantium sit fugiat expedita. Iste aut dolorem molestiae voluptates aperiam occaecati minus.', '2018-07-19 02:27:06', '2018-07-19 02:27:06'),
(146, 27, 'Miss Thea Conn Jr.', 'Prof. Chadrick Braun Sr.', 'Marlen Cassin', 'Lilly Mayer', 'Quo reiciendis unde facilis voluptates consequatur illum ex. Id a aut qui distinctio officiis sint maxime.', '2018-07-19 02:27:06', '2018-07-19 02:27:06'),
(147, 27, 'Unique Cassin', 'Adelle White', 'Araceli Boehm PhD', 'Janis Doyle', 'Recusandae magni numquam eveniet. Distinctio non rerum autem est. Amet pariatur et fuga in quia dicta. Minus qui sit non explicabo blanditiis a quia.', '2018-07-19 02:27:06', '2018-07-19 02:27:06'),
(148, 33, 'Melisa Gaylord MD', 'Ward Funk', 'Mackenzie Sawayn', 'Dena Hessel', 'Tenetur ut architecto et non suscipit voluptatem maxime. Quam maxime earum distinctio rem a animi. Impedit possimus minus dolorem. Illum omnis unde perferendis neque ab voluptate.', '2018-07-19 02:27:06', '2018-07-19 02:27:06'),
(149, 39, 'Jerome Dach', 'Dr. Bobby Zemlak', 'Duncan Mertz', 'Ms. Telly Terry', 'Dolores eligendi quibusdam rerum est sed minima totam. Perspiciatis iure ut id illo vel minus excepturi. Ipsa sequi nisi occaecati ut. Minima tempore cum nam est quos doloremque.', '2018-07-19 02:27:06', '2018-07-19 02:27:06'),
(150, 18, 'Wilber Wiza', 'Caterina Connelly', 'Mr. Rhett Rempel Sr.', 'Larue Dach', 'Architecto autem veniam nemo voluptatum. Tenetur vel iste placeat maxime aut corporis. Accusantium qui sit ratione consequatur et.', '2018-07-19 02:27:06', '2018-07-19 02:27:06'),
(151, 45, 'Claudia Bayer', 'Dr. Daisha Walker', 'Mrs. Asia Frami', 'Wilma Vandervort', 'Id nisi labore non rem quis. Voluptatum ex ducimus enim et beatae. Ipsum quas est modi vitae quisquam eos.', '2018-07-19 02:27:06', '2018-07-19 02:27:06'),
(152, 38, 'Benedict Bruen I', 'Francisco Schultz', 'Alek Lueilwitz', 'Mr. Carlo Turcotte', 'Est ex quis dolor sapiente nulla possimus saepe harum. Quos aut architecto facilis nulla quia odit. Optio quo a at placeat facilis. Quas placeat praesentium sequi tempore vitae deserunt corporis.', '2018-07-19 02:27:06', '2018-07-19 02:27:06'),
(153, 41, 'Leann Kozey', 'Alysson Dibbert MD', 'Vena Harvey', 'Orlando Mohr', 'Culpa aut quae velit odit earum officiis quia. Amet et reiciendis atque. Consequatur ipsa porro voluptatem veritatis officiis quia. Rem debitis aperiam dolorem nam beatae qui suscipit.', '2018-07-19 02:27:06', '2018-07-19 02:27:06'),
(154, 48, 'Sarai Koss', 'Prof. Hank Dietrich', 'Robbie Schamberger', 'Novella Lindgren', 'Et aut dolorem delectus quis aut facere. Voluptatem ea dolorem quia nulla. Ea et perferendis dignissimos est. Ad et eius iste dicta.', '2018-07-19 02:27:06', '2018-07-19 02:27:06'),
(155, 44, 'Dudley Abbott', 'Ora Strosin PhD', 'Mazie Stanton', 'Mr. Quinten Huels', 'Non a alias quidem deserunt doloremque dolorem. Maiores quo accusamus vel consequuntur assumenda. Nostrum est et officiis et fugiat.', '2018-07-19 02:27:06', '2018-07-19 02:27:06'),
(156, 44, 'Tyson Gerhold', 'Mr. Kaleb Wiegand', 'Polly Bernhard I', 'Mr. Rasheed Kunde DDS', 'Quisquam odit non dolore. Voluptatem et soluta omnis rerum. Natus in sint recusandae sed temporibus in eos similique. Voluptatibus doloribus a molestiae consequatur et qui.', '2018-07-19 02:27:06', '2018-07-19 02:27:06'),
(157, 42, 'Carmelo Klocko MD', 'Miss Gail O\'Hara III', 'Ella Heller III', 'Adaline Cole', 'Inventore veritatis quibusdam animi at. Atque omnis impedit modi vel porro voluptas.', '2018-07-19 02:27:06', '2018-07-19 02:27:06'),
(158, 46, 'Janae Kshlerin DDS', 'Emmanuelle Mitchell II', 'Idella Herman', 'Furman Bayer', 'Recusandae fuga ut eos quaerat quam. Neque sint animi doloribus nesciunt excepturi animi. Laborum quod in ut sunt blanditiis autem. Aliquid iste dolor inventore.', '2018-07-19 02:27:06', '2018-07-19 02:27:06'),
(159, 43, 'Juston McKenzie', 'Erin Wuckert', 'Dr. Loyce Franecki PhD', 'Americo Wolff', 'Quos laudantium voluptas dolorem molestiae. Ut numquam amet minus sit et iusto consectetur autem. Expedita facilis voluptas nemo repellendus.', '2018-07-19 02:27:06', '2018-07-19 02:27:06'),
(160, 28, 'Brandi Hettinger', 'Dr. Layla Medhurst', 'Oda Aufderhar', 'Prof. Brionna Beahan DVM', 'Quam eligendi aut laborum veniam. Officia vitae dolores velit.', '2018-07-19 02:27:06', '2018-07-19 02:27:06'),
(161, 50, 'Caleb Rath', 'Thalia Streich I', 'Jarred Corwin', 'Dr. Taurean Christiansen DDS', 'Iste ut consequatur deleniti aut dolorem et voluptas ut. Repudiandae nobis quae ullam. In qui adipisci reiciendis repellendus consequatur. Maiores quasi placeat aut iusto aut aut.', '2018-07-19 02:27:06', '2018-07-19 02:27:06'),
(162, 50, 'Ross Kuhlman PhD', 'Prof. Alayna Price', 'Dr. Stefan Volkman', 'Mrs. Jessika Littel Jr.', 'Repellat iusto nisi odio esse aliquid nesciunt. Enim veniam est omnis enim. Sed reiciendis explicabo non dolor sed fugiat.', '2018-07-19 02:27:07', '2018-07-19 02:27:07'),
(163, 48, 'Skylar Baumbach IV', 'Lindsay Roberts', 'Leonor Harris II', 'Emery Harber', 'Ullam quia magni odit nisi id. Dolorem quia ea est id. Omnis ut impedit accusamus aut nisi laboriosam. Minus cupiditate vero beatae dicta.', '2018-07-19 02:27:07', '2018-07-19 02:27:07'),
(164, 32, 'Joelle Waters III', 'Amparo DuBuque', 'Diana Howell', 'Ashlynn Metz', 'Repudiandae nihil voluptas nisi qui repellat quia. Nostrum assumenda eos quam consequatur quasi aut. Temporibus natus soluta magni sit consequatur.', '2018-07-19 02:27:07', '2018-07-19 02:27:07'),
(165, 42, 'Lessie Hegmann', 'Floyd Nitzsche', 'Adaline Reilly', 'Hipolito Koss', 'Mollitia assumenda hic et explicabo. Ducimus deleniti voluptates commodi minima hic quis. Soluta dolor et commodi est id a accusamus.', '2018-07-19 02:27:07', '2018-07-19 02:27:07'),
(166, 24, 'Dusty Lubowitz', 'Taryn Schimmel', 'Prof. Gregoria Schultz', 'Bailee Emmerich', 'Saepe sit dignissimos alias placeat accusantium sit quas sint. Et et doloremque quibusdam reiciendis ut earum aliquam. Atque magni distinctio placeat omnis maiores.', '2018-07-19 02:27:07', '2018-07-19 02:27:07'),
(167, 39, 'Violet Bosco V', 'Mr. Francis Jones', 'Mr. Wiley Lehner PhD', 'Sigmund Harvey Sr.', 'Omnis voluptatem est molestias in. Deleniti itaque facilis nobis. Aut qui tenetur animi rerum harum odio est aperiam.', '2018-07-19 02:27:07', '2018-07-19 02:27:07'),
(168, 44, 'Jeffery Beier', 'Flavio Hammes', 'Miss Audra Harber', 'Prof. Idell Murazik V', 'Possimus dicta dolorem voluptatem aut consectetur. Repellendus hic id dolor enim voluptatem. Pariatur tempore ullam velit dolore. Est adipisci fuga pariatur quidem velit corporis id.', '2018-07-19 02:27:07', '2018-07-19 02:27:07'),
(169, 35, 'Wilson Fay', 'Prof. Caleb Berge IV', 'Archibald Runolfsdottir DDS', 'Emma Kulas', 'Quas provident at dolores quia ab ipsam aut. Sit ea id voluptas est saepe officia iusto. Vel quas natus officia doloremque qui dicta.', '2018-07-19 02:27:07', '2018-07-19 02:27:07'),
(170, 50, 'Carroll Wuckert', 'Dianna Klocko', 'Ms. Ariane Thompson', 'Prof. Cletus Kemmer', 'Quasi voluptatem et quos assumenda quaerat quisquam qui. Unde consequatur ut neque qui in et ut. Commodi maiores et necessitatibus vitae odio.', '2018-07-19 02:27:07', '2018-07-19 02:27:07'),
(171, 38, 'Mikel Jacobi', 'Ella Schulist DVM', 'Jerrell Orn', 'Sid Bogisich', 'Cupiditate et asperiores in recusandae dolorem numquam optio quasi. Nihil molestiae harum dolor ut. Rerum est inventore saepe molestias doloremque velit dolores.', '2018-07-19 02:27:07', '2018-07-19 02:27:07'),
(172, 38, 'Salma Bernier', 'Ronaldo Pfannerstill', 'Mrs. Blanca Schamberger I', 'Tristian Rohan', 'Velit velit eaque et nostrum vitae. Inventore repudiandae dolores et itaque. Possimus vero vel odit molestiae alias expedita ipsam facere. Expedita esse sit enim consectetur.', '2018-07-19 02:27:07', '2018-07-19 02:27:07'),
(173, 31, 'Dr. Tevin Schmitt', 'Mr. Manuel Rolfson Jr.', 'Prof. Wiley Brekke', 'Mrs. Celestine Schuppe DDS', 'Est aut qui nam nulla. Voluptate praesentium eos ex ut.', '2018-07-19 02:27:07', '2018-07-19 02:27:07'),
(174, 29, 'Mr. Lonnie Bradtke', 'Dr. Dale Adams', 'Miss Bettye Veum', 'Madisyn Barrows', 'Aut sed sequi enim aspernatur aut nihil consectetur aperiam. Ex et qui eligendi quibusdam omnis. Sapiente dolores voluptatem ratione explicabo corporis cum.', '2018-07-19 02:27:07', '2018-07-19 02:27:07');
INSERT INTO `audio` (`id`, `album_id`, `name`, `compose`, `singer`, `genre`, `lyrics`, `created_at`, `updated_at`) VALUES
(175, 47, 'Prof. Mossie Kihn DDS', 'Miss Amara Rau', 'Dorothea Kulas', 'Sven Leffler', 'Est et blanditiis enim dolor officiis est laudantium cumque. Unde vel et exercitationem recusandae et impedit mollitia.', '2018-07-19 02:27:07', '2018-07-19 02:27:07'),
(176, 29, 'Kyra Waelchi', 'Ms. Eulalia Goldner', 'Ford Schneider', 'Ariane Nienow', 'Quo harum quisquam sint sunt alias. Beatae modi recusandae velit non.', '2018-07-19 02:27:07', '2018-07-19 02:27:07'),
(177, 45, 'Jedediah Harvey', 'Joe Leffler', 'Ebony Gusikowski', 'Miss Rubie Bartell', 'Nemo impedit praesentium omnis culpa. Voluptatem esse omnis vel praesentium amet. Aut aut est et commodi deleniti. Officiis natus quam temporibus ut aut et.', '2018-07-19 02:27:07', '2018-07-19 02:27:07'),
(178, 43, 'Keshawn Wilderman DDS', 'Brian Reinger', 'Kenna Oberbrunner', 'Carlo Quigley', 'Itaque aut natus est velit officiis. Commodi nemo qui est praesentium laudantium aut. Labore architecto tenetur omnis dicta facilis ea est quaerat. Non nisi expedita eveniet saepe id sunt.', '2018-07-19 02:27:07', '2018-07-19 02:27:07'),
(179, 27, 'Adah Doyle III', 'Mathias Rath', 'Colleen Lueilwitz', 'Mrs. Ivy Oberbrunner V', 'Neque repudiandae et velit saepe molestias qui doloremque consequatur. Ea occaecati similique illo sed tenetur a esse. Est quis fuga qui eum nisi et. Molestias ut placeat vero et.', '2018-07-19 02:27:07', '2018-07-19 02:27:07'),
(180, 50, 'Dr. Allan Nitzsche IV', 'Edwina Lockman I', 'Jennie Rolfson', 'Dr. Waino Kohler PhD', 'Nesciunt consequuntur unde a beatae. Et libero dolorum hic officia qui dolore. Ea voluptas doloribus laborum. Dolor et a impedit dolores veniam impedit libero eos.', '2018-07-19 02:27:08', '2018-07-19 02:27:08'),
(181, 39, 'Gonzalo Sipes', 'Dr. Maria Tillman III', 'Mr. Robbie Bode MD', 'Miss Brenda Wuckert V', 'Ut architecto quos omnis. Et labore laborum a qui commodi explicabo et tenetur. Qui dolore quaerat omnis eveniet corporis asperiores non.', '2018-07-19 02:27:08', '2018-07-19 02:27:08'),
(182, 40, 'Abdul Yost', 'Dr. Chance Terry', 'Miss Elnora Blanda I', 'Makenzie Kohler Sr.', 'Unde omnis ducimus iure illo. Quae dolores ab ut voluptatem.', '2018-07-19 02:27:08', '2018-07-19 02:27:08'),
(183, 49, 'Jacques Spinka V', 'Pattie Bayer', 'Julianne Keeling', 'Miss Raphaelle Rath MD', 'Aliquam libero et sed molestiae at. Id provident magni vitae magni a voluptas dolorum blanditiis. Non natus qui saepe excepturi molestiae debitis. Non quaerat sit suscipit et hic consectetur magnam.', '2018-07-19 02:27:08', '2018-07-19 02:27:08'),
(184, 17, 'Audie Kirlin', 'Markus Roob Jr.', 'Brenden Bogisich Jr.', 'Ms. Evelyn Turcotte', 'Magni sed dicta enim. Eos tempore aliquam suscipit aperiam mollitia perferendis veniam. Dolor voluptatem et vel nisi voluptas quos maiores.', '2018-07-19 02:27:08', '2018-07-19 02:27:08'),
(185, 43, 'Destiny Lind', 'Mr. Easton Goyette Sr.', 'Miss Arlene Ritchie V', 'Percy Hagenes III', 'Enim delectus quis et quae harum sit. Ipsa ut excepturi perspiciatis non. Ut nostrum soluta aperiam et. Nihil non accusamus reprehenderit et sint ducimus nihil.', '2018-07-19 02:27:08', '2018-07-19 02:27:08'),
(186, 38, 'Luna Champlin', 'Paula Larkin DVM', 'Shemar Marvin', 'Kari Okuneva', 'Asperiores fugiat sit quasi libero. Provident vero blanditiis ullam et molestiae quibusdam. Reiciendis sint nihil rerum qui ducimus in. Est et reiciendis necessitatibus impedit.', '2018-07-19 02:27:08', '2018-07-19 02:27:08'),
(187, 15, 'Brenna Friesen V', 'Telly Weimann', 'Mrs. Marian Dietrich IV', 'Angelo Wolff', 'Veritatis dolor ut sed id nihil eos minima. Totam molestias amet sequi sunt labore.', '2018-07-19 02:27:08', '2018-07-19 02:27:08'),
(188, 24, 'Miss Antoinette Johnson', 'Filomena Schinner', 'Violet Davis', 'Miss Cora Dietrich MD', 'Ut et necessitatibus vel voluptas ut commodi facere. Alias delectus nostrum necessitatibus nam. Sint aliquam quaerat blanditiis sed aut quas.', '2018-07-19 02:27:08', '2018-07-19 02:27:08'),
(189, 50, 'Zakary Purdy', 'Dr. Frank Rosenbaum', 'Miss Antonina Klocko', 'Lorena Keebler', 'Molestias quo ducimus qui esse. Iste qui impedit cupiditate fugiat vero deserunt sapiente. Eveniet rem accusantium laborum iste ea distinctio corporis.', '2018-07-19 02:27:08', '2018-07-19 02:27:08'),
(190, 14, 'Dr. Ida Romaguera PhD', 'Ciara Cruickshank', 'Wellington O\'Hara', 'Dominique Ward', 'Sit sint et deleniti vel in possimus pariatur. Suscipit nulla voluptas id quae quod accusamus dolores. Vero odit repellendus et sed qui id.', '2018-07-19 02:27:08', '2018-07-19 02:27:08'),
(191, 19, 'Lia Stoltenberg', 'Ervin Frami III', 'Dr. Dorris Stroman', 'Gayle Kerluke', 'Consequatur est soluta et. Nihil laborum fugit iusto et. Qui repellendus illum rem voluptates ut. Id ut accusamus impedit blanditiis.', '2018-07-19 02:27:08', '2018-07-19 02:27:08'),
(192, 49, 'Dane Waters', 'Reginald Stiedemann MD', 'Prof. Dedric Abernathy II', 'Lauretta Kilback', 'Et sit tenetur deserunt vero ut perspiciatis. Deserunt rerum aperiam iusto harum. Velit commodi ut provident officia. Quasi qui reprehenderit sed hic qui magnam.', '2018-07-19 02:27:08', '2018-07-19 02:27:08'),
(193, 42, 'Joaquin Balistreri Jr.', 'Prince Weber', 'Dagmar Lockman', 'Kirstin Osinski', 'Odit molestiae non et quia deleniti enim in. Vitae ut velit porro qui sit quod quia. Aut delectus voluptates eveniet voluptas iure et. Et laboriosam numquam possimus dolore et et.', '2018-07-19 02:27:08', '2018-07-19 02:27:08'),
(194, 32, 'Prof. Josiah Bauch V', 'Jaqueline Walsh', 'Alberta Boyle', 'Donato Zemlak', 'Distinctio ullam reiciendis aliquam consequatur incidunt. Aut id porro optio non enim dolorem. Saepe sed magni blanditiis voluptas est. Et ut dignissimos qui repellat.', '2018-07-19 02:27:08', '2018-07-19 02:27:08'),
(195, 39, 'Karley Funk', 'Ayden Greenfelder', 'Hunter Ebert', 'Ms. Darlene Farrell', 'Et corporis nam sunt eum quibusdam modi perferendis. Dolorum est cupiditate enim doloremque. Nemo rerum qui ut dicta provident consectetur.', '2018-07-19 02:27:09', '2018-07-19 02:27:09'),
(196, 37, 'Jedidiah Ernser', 'William Monahan', 'Leanne Schowalter', 'Shanel Turner', 'Tempora quae facere distinctio quam sed aut. Suscipit iusto illo ullam minus. Tenetur doloremque voluptatem dolores nesciunt quia non. Doloribus in veniam laborum voluptatum eos.', '2018-07-19 02:27:09', '2018-07-19 02:27:09'),
(197, 17, 'Ms. Jackie Heathcote II', 'Ferne Hartmann', 'Prof. John Kuvalis', 'Emerson Lang', 'Doloribus est ut et dicta officiis veritatis error. Est mollitia autem libero minus. Eum ratione qui qui itaque et.', '2018-07-19 02:27:09', '2018-07-19 02:27:09'),
(198, 46, 'Jerel Schmidt', 'Melvin Keebler', 'Hanna Jakubowski', 'Miss Jessika Okuneva Jr.', 'Aliquam aliquid adipisci velit repellendus. Iusto eum cupiditate rerum at minus. Doloremque explicabo voluptatem illo voluptas aut.', '2018-07-19 02:27:09', '2018-07-19 02:27:09'),
(199, 35, 'Miracle Schoen', 'Emile Hegmann', 'Isabelle Bahringer', 'Maybell Okuneva', 'Dicta consequatur et quae deserunt omnis qui. Qui voluptatem eligendi ea. Cupiditate aut eos alias veritatis aut veniam voluptas. Aut inventore dolorem non deserunt ut quae.', '2018-07-19 02:27:09', '2018-07-19 02:27:09'),
(200, 33, 'Sibyl Lemke Jr.', 'Kendrick Koepp', 'Mr. Hector Kuphal I', 'Billy Kertzmann Sr.', 'Qui facilis eos enim harum voluptas. Aspernatur omnis et architecto nulla ipsum quam. Nulla qui possimus iure veniam minus facere. Magnam tenetur maiores minima vitae.', '2018-07-19 02:27:09', '2018-07-19 02:27:09'),
(201, 47, 'Vaughn Keeling', 'Morgan Hyatt', 'Prof. Cora Roberts', 'Miss Iliana Marquardt Sr.', 'Nihil itaque commodi et magnam natus. Suscipit reprehenderit nihil dolores repellendus.', '2018-07-19 02:27:09', '2018-07-19 02:27:09'),
(202, 23, 'Shayne Leannon', 'Bernita Heaney', 'Macy Erdman', 'Braeden Hauck', 'In occaecati ut quam temporibus in. Voluptatem et amet dolores aut maiores. Vero quam aut placeat aut dolore quasi aut rerum.', '2018-07-19 02:27:09', '2018-07-19 02:27:09'),
(203, 41, 'Leann O\'Connell', 'Amya O\'Hara', 'Deontae Schowalter', 'Evan Predovic', 'Voluptate sit laudantium ipsa ipsam voluptatem qui adipisci. Nobis sunt et voluptas velit. Possimus voluptas doloribus consectetur necessitatibus. Eius ut aliquam et et perspiciatis.', '2018-07-19 02:27:09', '2018-07-19 02:27:09'),
(204, 22, 'Buford Conroy Jr.', 'Miss Lilla Kub', 'Jaylen Hickle II', 'Nayeli Robel', 'Architecto dolor sit est ut fugiat tempore. Nihil soluta iste quo nesciunt. Saepe accusamus blanditiis illum ut ratione velit ut.', '2018-07-19 02:27:09', '2018-07-19 02:27:09'),
(205, 23, 'Zoila McCullough', 'Dudley Wehner', 'Mr. Kole Kutch V', 'Adolphus Schamberger', 'Sunt eligendi accusamus consequuntur delectus. Qui accusantium sit sint est repellendus itaque quia. Rem nihil rerum dolorem expedita qui molestiae. Dolores itaque laborum hic aut.', '2018-07-19 02:27:09', '2018-07-19 02:27:09'),
(206, 46, 'Dovie Parisian', 'Marty Leffler', 'Mariane Pagac', 'Dr. Emerson Simonis', 'Quos in accusamus vero maiores. Commodi aut eius est non et ut. Fugit nulla voluptatem excepturi ex. Ut voluptatem et similique facere laborum et.', '2018-07-19 02:27:09', '2018-07-19 02:27:09'),
(207, 25, 'Miss Rosalia Braun V', 'Nettie Quigley', 'Ida Huels Sr.', 'Gillian Mertz', 'Commodi eum et et natus. Et quia ut quae ut modi. Quis non est vel consequatur quo iste quam. Delectus eum dolor alias.', '2018-07-19 02:27:09', '2018-07-19 02:27:09'),
(208, 38, 'Mr. Reymundo Skiles III', 'Godfrey Waters II', 'Margarett Stamm', 'Twila Legros', 'Doloribus temporibus quisquam consequatur vitae modi cum fugiat. Magni officia ullam nobis ut cupiditate voluptatem. Et eum aut culpa accusantium unde.', '2018-07-19 02:27:09', '2018-07-19 02:27:09'),
(209, 41, 'Hellen Huels PhD', 'Antonietta Heaney', 'Jazmin Kris', 'Dr. Vinnie Christiansen IV', 'Qui fugit consequuntur et fuga non. Aut harum non ut iste dolorem rerum. Voluptatem minus perferendis eos est iusto tempora fuga.', '2018-07-19 02:27:09', '2018-07-19 02:27:09'),
(210, 43, 'Juston Anderson II', 'Kirsten O\'Kon I', 'Mafalda Maggio', 'Jamir Zemlak', 'Minima rem totam omnis quod rerum harum aut sequi. Atque et aliquid beatae accusamus. Et officiis officiis libero fuga placeat nesciunt quo. Nostrum tenetur error consequuntur minima debitis sed.', '2018-07-19 02:27:09', '2018-07-19 02:27:09'),
(211, 46, 'Myah Wilderman', 'Ms. Desiree Macejkovic', 'Prof. Demarcus Nader MD', 'Mr. Elian Crona I', 'Iste voluptatum sint quia sint. Ut repellendus quo facilis. Nam nihil adipisci et sint aspernatur molestiae. Omnis ipsam adipisci necessitatibus iste tenetur ex inventore.', '2018-07-19 02:27:09', '2018-07-19 02:27:09'),
(212, 16, 'Mathias Durgan', 'Elva Johnson', 'Roxanne Denesik', 'Orval Eichmann Jr.', 'Aspernatur dolor maxime aut similique fugit sint corporis. Placeat illo adipisci saepe. Nam natus odit et molestias. Debitis officia repellat magnam asperiores voluptas beatae.', '2018-07-19 02:27:09', '2018-07-19 02:27:09'),
(213, 39, 'Clemens Abshire IV', 'Prof. Francis Wunsch V', 'William Hettinger', 'Grace Wyman V', 'Mollitia magnam corporis sunt laborum aliquam. Ullam facere et quisquam consectetur impedit modi. Natus a rem error.', '2018-07-19 02:27:10', '2018-07-19 02:27:10'),
(214, 36, 'Noelia Langworth', 'Joe Huel', 'Dr. Victoria Prosacco', 'Jeanette Weber PhD', 'Error laudantium distinctio dolorem voluptatum soluta vero temporibus. Delectus quis corrupti quia adipisci. Velit fugit eum quidem aut explicabo aut. Impedit at magnam consequatur esse illum.', '2018-07-19 02:27:10', '2018-07-19 02:27:10'),
(215, 19, 'Alex Carter', 'Savannah Lemke', 'Miss Mary Weissnat', 'Mrs. Carissa Pagac MD', 'Quidem adipisci necessitatibus molestiae vel autem sequi sequi. Consequatur sint est a quos voluptatem quos. In enim dolor culpa temporibus dolorem veritatis qui.', '2018-07-19 02:27:10', '2018-07-19 02:27:10'),
(216, 20, 'Isobel Schuppe V', 'Jaunita Skiles', 'Sid Rippin', 'Sierra Rosenbaum', 'Dolorem at beatae eius eum. Libero corporis aut voluptatem in voluptates blanditiis. Fugit unde ut consectetur itaque voluptatem rerum qui.', '2018-07-19 02:27:10', '2018-07-19 02:27:10'),
(217, 19, 'Nayeli Hoeger', 'Bethany Deckow', 'Ottis Altenwerth IV', 'Conrad Stanton', 'Quasi vitae molestiae sed et. Et repellendus facere quia. Vitae pariatur enim nobis. Laboriosam dolores quo qui id rerum reprehenderit laboriosam.', '2018-07-19 02:27:10', '2018-07-19 02:27:10'),
(218, 22, 'Anika Nitzsche', 'Mollie Zemlak', 'Avis Heller Jr.', 'Prof. April Rempel', 'Eum ut animi rerum qui. In laboriosam culpa ea exercitationem tempora. Et est nulla excepturi voluptatibus.', '2018-07-19 02:27:10', '2018-07-19 02:27:10'),
(219, 29, 'Dereck Kuhn', 'Kyleigh Goyette Sr.', 'Velva Beier', 'Kendra Gutkowski PhD', 'Distinctio possimus qui sapiente quae ut sed. Voluptate dolorem ut et molestias quasi et ex. Vel impedit tempore quisquam soluta id earum. Tenetur odit expedita quaerat eum.', '2018-07-19 02:27:10', '2018-07-19 02:27:10'),
(220, 49, 'Dereck Schuppe', 'Timmothy Ullrich', 'Mrs. Michelle Gleichner', 'Lucy Smitham', 'Quisquam et voluptates autem animi. Et voluptate quibusdam earum. Blanditiis quidem cum deserunt beatae deserunt tempora. Aliquam consequatur est facilis cum nostrum et.', '2018-07-19 02:27:10', '2018-07-19 02:27:10'),
(221, 19, 'Rebecca Konopelski', 'Dr. Ruben Brown MD', 'Ms. Germaine Renner', 'Sylvester Stiedemann', 'Officia tempore suscipit quae facilis laboriosam accusantium delectus. Sed eveniet placeat quidem. Ex pariatur placeat id optio.', '2018-07-19 02:27:10', '2018-07-19 02:27:10'),
(222, 28, 'Gerson Langosh', 'Miss Bulah Ruecker', 'Mr. Vito Vandervort Jr.', 'Frankie Runolfsson', 'Quo tenetur commodi aut sint. Aut placeat et excepturi. Dolorem accusamus dolor molestias quae quisquam. Incidunt nemo pariatur qui atque aut et. Nemo voluptatibus nostrum facilis omnis.', '2018-07-19 02:27:10', '2018-07-19 02:27:10'),
(223, 45, 'Abraham Abshire II', 'Josiane Hills', 'Adeline Crist', 'Dr. Glenna Gusikowski', 'Maiores qui deleniti pariatur vero dolorum non. Consequatur fuga consequatur commodi ea ut veniam. Quia qui qui omnis. Fuga veritatis exercitationem dolores in animi dolorem et beatae.', '2018-07-19 02:27:10', '2018-07-19 02:27:10'),
(224, 43, 'Kaylie Friesen', 'Silas Shanahan', 'Mr. Ted Fadel DVM', 'Kelsi Ondricka', 'Nihil voluptas consequatur enim voluptatem. Dolor quaerat aut at culpa. Fugiat et tenetur tempora est quasi harum voluptate eos.', '2018-07-19 02:27:10', '2018-07-19 02:27:10'),
(225, 41, 'Mrs. Herta Schneider II', 'Junior Lindgren', 'Mr. Chauncey Lubowitz MD', 'Marianne Morissette', 'Necessitatibus numquam in officiis aut quia laboriosam mollitia quisquam. Minus amet non accusantium porro saepe. Ipsum sunt omnis voluptas consequatur fugiat sapiente eos.', '2018-07-19 02:27:10', '2018-07-19 02:27:10'),
(226, 27, 'Clement Stoltenberg Jr.', 'Magdalena Huels', 'Rusty Feest', 'Samantha Bednar', 'Dolor delectus nihil est sed. Qui veritatis odit omnis mollitia dicta in. Non voluptatem enim velit. A vitae ipsam officia vitae.', '2018-07-19 02:27:10', '2018-07-19 02:27:10'),
(227, 16, 'Mrs. Nicolette Gorczany III', 'Loyal Waelchi', 'Danyka Green Sr.', 'Abbie Balistreri', 'Iste aut explicabo aut est voluptas fugiat voluptatem. Voluptate laboriosam cumque enim quasi. Rerum qui nobis non unde voluptates.', '2018-07-19 02:27:10', '2018-07-19 02:27:10'),
(228, 38, 'Dr. Tod Kutch I', 'Giovanna Wolff', 'Scot Block', 'Zita Kreiger', 'Rerum voluptas in non quibusdam voluptas. Voluptatem earum ex sit cumque facilis fugiat. Omnis et minima in ea. Totam ut voluptates voluptas repellat voluptatem.', '2018-07-19 02:27:10', '2018-07-19 02:27:10'),
(229, 37, 'Jody Corkery', 'Prof. Monte Wolff I', 'Simone Haley', 'Albin Kohler', 'Ab recusandae ullam et ipsa rerum. Ad consequatur nihil recusandae aperiam. Id nobis ipsa rerum maiores. Sed est sunt architecto aut velit perspiciatis necessitatibus. Hic earum id iste dolorum eum.', '2018-07-19 02:27:10', '2018-07-19 02:27:10'),
(230, 48, 'Rafaela Stracke', 'Naomie Grady', 'Bernard Kuphal', 'Dianna Nader MD', 'Libero in temporibus et molestiae enim aut. Explicabo ipsa officia quia reiciendis illo. Commodi ratione voluptatem et sed et at iure maiores. Qui vero ad assumenda animi.', '2018-07-19 02:27:10', '2018-07-19 02:27:10'),
(231, 30, 'Dr. Santa Funk PhD', 'Sherman Powlowski', 'Prof. Trey Satterfield MD', 'Elvis Brekke', 'Sit fugit id et. Labore aliquid voluptatem odit. Et fuga sunt aut commodi.', '2018-07-19 02:27:10', '2018-07-19 02:27:10'),
(232, 36, 'Joesph Fritsch', 'Alfreda Greenholt', 'Alphonso Crooks', 'Miss Chelsie Strosin I', 'Aut ratione nemo explicabo cumque commodi fugit. Voluptas ea voluptatem sint. Amet velit molestiae necessitatibus quo praesentium architecto unde temporibus. Totam ipsam at qui et ut.', '2018-07-19 02:27:10', '2018-07-19 02:27:10'),
(233, 24, 'Prof. Ignacio Streich II', 'Adolf Kovacek IV', 'Neva Howell V', 'Mr. Clay Gusikowski DVM', 'Quibusdam non amet quisquam nihil quibusdam. Corporis repellendus fugit placeat. Sapiente atque vero ab temporibus.', '2018-07-19 02:27:11', '2018-07-19 02:27:11'),
(234, 11, 'Aliyah Runolfsdottir', 'Nils Auer', 'Elvis Blick', 'Mr. Soledad Rippin', 'Minima ut vel velit id tenetur accusantium. Nesciunt nemo sed molestiae omnis perferendis. Veniam ab qui nihil voluptate enim quisquam nemo nulla.', '2018-07-19 02:27:11', '2018-07-19 02:27:11'),
(235, 49, 'Sanford Kassulke', 'Letha Walter V', 'Ricardo Kemmer', 'Claudia Runolfsson', 'Odit rerum aut quos qui dignissimos. Id suscipit aliquam officia repellat. Nemo sapiente suscipit odit. Temporibus fuga aspernatur eligendi voluptate sequi cumque reiciendis.', '2018-07-19 02:27:11', '2018-07-19 02:27:11'),
(236, 43, 'Sheridan Beahan', 'Jaunita Schuster I', 'Aniya Becker', 'Valentine Heidenreich', 'Vitae fugit odit modi dolor. Quae aut et est quidem eum repellendus ut perspiciatis. Mollitia nobis qui ipsam maxime qui. Aut aut sunt neque corporis qui.', '2018-07-19 02:27:11', '2018-07-19 02:27:11'),
(237, 49, 'Kaela Bogan', 'Carmen Kunze', 'Jessy Kozey DDS', 'Mr. Aric Morissette V', 'Eum in et exercitationem fugit quia voluptatem qui. Dolorem voluptas itaque vel non. Non et aperiam aspernatur consequatur a est. Sed aut illo veniam iste provident inventore.', '2018-07-19 02:27:11', '2018-07-19 02:27:11'),
(238, 21, 'Prof. Palma Sporer', 'Walton Mraz', 'Miss April Windler', 'Garrett Crona PhD', 'Dolores fugit delectus tempora voluptatem fugit. Illum aperiam quos ratione id labore. Repellendus expedita sit voluptas quia nobis consequatur. Et non qui doloremque.', '2018-07-19 02:27:11', '2018-07-19 02:27:11'),
(239, 12, 'Estevan Runte', 'Rosamond Hoppe', 'Dr. Richmond Casper IV', 'Ms. Mireya Gusikowski', 'Odit est eos velit sit. Omnis similique porro fuga ratione consequuntur. Ullam non doloremque rem est ab suscipit. Ratione nihil reiciendis ut necessitatibus.', '2018-07-19 02:27:11', '2018-07-19 02:27:11'),
(240, 40, 'Evangeline Hessel', 'Ms. Alta Koss I', 'Brennan Wisozk DVM', 'Dion West III', 'Commodi praesentium aut qui velit optio fugiat itaque. Qui optio non commodi neque in quibusdam. Quaerat et dignissimos illo eaque consequuntur explicabo molestiae eveniet.', '2018-07-19 02:27:11', '2018-07-19 02:27:11'),
(241, 41, 'Prof. Trace Jakubowski', 'Miss Annabell Blanda', 'Arjun Anderson', 'Louisa Langosh', 'Reiciendis ut ex quia totam sequi vero reprehenderit. Aliquam commodi odit animi. Non voluptatem odio consequuntur dolorum et assumenda cumque.', '2018-07-19 02:27:11', '2018-07-19 02:27:11'),
(242, 46, 'Dr. Margarette DuBuque', 'Luther Anderson', 'Taurean Blick', 'Prof. Demond Jenkins', 'Error quibusdam provident et dolor. Rem ut maiores quis deleniti ut dignissimos facilis. Vitae possimus qui excepturi fugiat voluptates.', '2018-07-19 02:27:11', '2018-07-19 02:27:11'),
(243, 43, 'Judson Kling', 'Mara Mante', 'Agnes Denesik', 'Dovie Lehner', 'Vel et dignissimos ut vero non qui rerum. Autem nobis et deleniti ut quibusdam. Et non quaerat dolor explicabo pariatur ad doloribus.', '2018-07-19 02:27:11', '2018-07-19 02:27:11'),
(244, 24, 'Leila Harvey', 'Rodolfo Kovacek', 'Georgette Beahan II', 'Sebastian Kuphal DVM', 'Nemo magni nesciunt enim est neque rem voluptas. Est id voluptates aut quaerat architecto voluptatem. Nostrum qui rem mollitia alias amet distinctio.', '2018-07-19 02:27:11', '2018-07-19 02:27:11'),
(245, 49, 'Makenzie Effertz IV', 'Janis Koepp', 'Herta Ratke', 'Miss Lera Wiegand', 'Non sequi aspernatur earum voluptate. Ratione ab quia accusamus sapiente quis. Non et ea culpa recusandae. Iste sit rerum quo culpa consequatur nulla qui.', '2018-07-19 02:27:11', '2018-07-19 02:27:11'),
(246, 38, 'Lennie Johns', 'Ona Thompson', 'Alexander Paucek', 'Mr. Wilton Walsh Jr.', 'Quod est asperiores recusandae. Porro quos est deserunt nihil laboriosam consequuntur. Molestiae dolores suscipit ipsam et veritatis. Expedita ea dolor et voluptatibus ut laudantium consequatur.', '2018-07-19 02:27:11', '2018-07-19 02:27:11'),
(247, 50, 'Arlo Bahringer PhD', 'Lelah Heaney', 'Dr. Alice Gleason', 'Jeremie Torp MD', 'Eum perferendis ipsa quaerat libero. Odit vel sint ut iure a blanditiis numquam. Quos eius sint nisi porro facilis consequuntur.', '2018-07-19 02:27:11', '2018-07-19 02:27:11'),
(248, 42, 'Grace Leuschke', 'Mr. Easter Herzog', 'Isabella Gorczany PhD', 'Shany Kris', 'Labore voluptas est alias reiciendis placeat neque. Possimus libero rerum id ea ut quod et. Est a occaecati quis totam. Quia voluptatem optio fuga velit qui consectetur.', '2018-07-19 02:27:11', '2018-07-19 02:27:11'),
(249, 22, 'Davonte Gerlach', 'Eugene Davis', 'Alaina Bechtelar', 'Miss Oleta Monahan DVM', 'Soluta autem cupiditate qui. Omnis asperiores reiciendis nam in. Facilis culpa quibusdam ab ab cumque.', '2018-07-19 02:27:11', '2018-07-19 02:27:11'),
(250, 20, 'Gene Leuschke DVM', 'Dr. Ryann Simonis DDS', 'Ernesto Homenick', 'Ms. Aurelie Mitchell', 'Placeat dicta labore ducimus laborum ab dolorem ut. Neque praesentium iste corporis optio et optio. Atque velit consectetur exercitationem iste autem necessitatibus nemo. Debitis est est architecto.', '2018-07-19 02:27:12', '2018-07-19 02:27:12'),
(251, 43, 'Brain Rippin', 'Nina Wehner Sr.', 'Prof. Ignacio Ortiz DVM', 'Isabell Nader DDS', 'Non sunt eligendi repudiandae rerum iste velit harum explicabo. Repellat impedit quam laudantium qui aperiam illum saepe. Velit culpa fugiat similique vel temporibus.', '2018-07-19 02:27:12', '2018-07-19 02:27:12'),
(252, 29, 'Nicole Hoeger', 'Dr. Max Yundt', 'Bell Waters', 'Jackie Homenick', 'Nisi ipsa consequatur ut quo quia. Voluptate repellendus enim voluptas et non qui. Eos voluptatem corrupti nobis quo esse. Quam earum et voluptates et.', '2018-07-19 02:27:12', '2018-07-19 02:27:12'),
(253, 20, 'Dr. Roberta Jerde DVM', 'Dora Yundt', 'Adah Doyle', 'Rex Koss', 'Libero vel dolorem quia. Sit aut velit in ad quae reiciendis neque. Ut consequatur veritatis quia accusantium omnis accusantium voluptatibus quo. Aut quod ratione vel accusantium laborum.', '2018-07-19 02:27:12', '2018-07-19 02:27:12'),
(254, 29, 'Casey Gottlieb', 'Prof. Wilton Predovic', 'Prof. Alek Bradtke', 'Prof. Maxwell Ankunding', 'Provident quis perspiciatis ut non sit. Eveniet id debitis sint. Molestiae voluptas est minima dicta expedita consequatur. Impedit quis quia minima sit qui exercitationem quis.', '2018-07-19 02:27:12', '2018-07-19 02:27:12'),
(255, 19, 'Mr. Charles Wilderman V', 'Ms. Ashlynn Streich', 'Aurelio Nikolaus II', 'Charles Funk', 'Dolorum et dignissimos rem quo ex vero atque aspernatur. Eum et quia iure voluptas reprehenderit. Quaerat veritatis ut illum dolor odit.', '2018-07-19 02:27:12', '2018-07-19 02:27:12'),
(256, 43, 'Rosella Mosciski', 'Prof. Amos Yundt', 'Erich Kreiger DVM', 'Gunnar Legros', 'Adipisci nihil pariatur eos necessitatibus. At nemo quo et voluptatum vel autem. Explicabo dignissimos ea non veniam saepe reprehenderit maiores.', '2018-07-19 02:27:12', '2018-07-19 02:27:12'),
(257, 45, 'Lamar Watsica', 'Burnice Reinger', 'Aisha Donnelly', 'Prof. Royce Murazik', 'Sit deserunt asperiores nihil fugit. Quibusdam eaque esse eligendi esse sit earum nostrum. Voluptas exercitationem amet et eos mollitia repellendus reiciendis dicta. Possimus enim consequatur facere.', '2018-07-19 02:27:12', '2018-07-19 02:27:12'),
(258, 36, 'August O\'Conner', 'Bradley Smith', 'Scarlett Grant MD', 'Colton Kessler III', 'Ducimus impedit est reprehenderit animi. Consequatur expedita deleniti quo expedita nostrum repudiandae aut. Repellendus soluta et rerum ex nobis.', '2018-07-19 02:27:12', '2018-07-19 02:27:12'),
(259, 50, 'Shad McKenzie', 'Prof. Lue Konopelski', 'Jammie Mann', 'Jaclyn Osinski II', 'Aut recusandae reprehenderit ut amet rerum eum. Et libero quod totam perspiciatis recusandae ex. Id qui at necessitatibus veritatis eius dignissimos qui.', '2018-07-19 02:27:12', '2018-07-19 02:27:12'),
(260, 43, 'Mr. Braxton Hagenes', 'Sarina Altenwerth', 'Corbin Ward II', 'Roderick Simonis', 'Eligendi totam enim est incidunt. Quia non sunt aut adipisci placeat maxime. Animi sit voluptas est voluptatibus accusantium inventore. Id provident sit odit voluptatem et dolor distinctio.', '2018-07-19 02:27:12', '2018-07-19 02:27:12'),
(261, 14, 'Cathrine Connelly DDS', 'Marcelo Hudson', 'Dr. Adaline Streich V', 'Prof. Mateo Cassin', 'Et est officiis dolores magnam voluptas velit. Quia saepe facilis quisquam nostrum aut unde. Ea ut fugiat voluptas libero facere.', '2018-07-19 02:27:12', '2018-07-19 02:27:12'),
(262, 14, 'Miss Anjali Johns', 'Mazie Abbott DDS', 'Wilma Bahringer', 'Demetris Altenwerth', 'Deleniti qui magnam cupiditate ducimus. Minima totam rem et iusto dolorum ut rem. Quasi cumque qui et saepe nisi est tempora.', '2018-07-19 02:27:12', '2018-07-19 02:27:12'),
(263, 14, 'Devan Berge', 'Kayla Frami', 'Uriel Corkery', 'Kayley Schmidt', 'Minima laboriosam ratione et iste. Similique ipsa voluptatibus id qui aut. Rerum voluptas et sit aperiam. Minima voluptatem alias eum commodi cum.', '2018-07-19 02:27:12', '2018-07-19 02:27:12'),
(264, 30, 'Mr. Sedrick Ernser', 'Mr. Bertrand O\'Reilly', 'Mr. Micheal Daugherty III', 'Jaqueline Batz V', 'Doloribus voluptas nobis a sequi corrupti ad. Quo facilis dolorem optio est quia itaque. Tempore et animi voluptatum. Vero quaerat nulla dolorem necessitatibus eligendi quis.', '2018-07-19 02:27:12', '2018-07-19 02:27:12'),
(265, 24, 'Aiden Hammes', 'Kian Beer', 'Valentine Jacobson', 'Issac Cormier', 'Est consectetur dolor ex accusamus praesentium. Assumenda nisi amet reprehenderit. Tempore non necessitatibus laboriosam sapiente rerum cupiditate non.', '2018-07-19 02:27:12', '2018-07-19 02:27:12'),
(266, 40, 'Dr. Toni Romaguera PhD', 'Mr. Christian Beahan', 'Doris Stracke', 'Virgie Stroman', 'Quam laboriosam aperiam rerum nobis. Sapiente sint dolorum rerum fugiat omnis vero laudantium. Soluta nostrum itaque atque inventore quis quam natus esse.', '2018-07-19 02:27:12', '2018-07-19 02:27:12'),
(267, 34, 'Salvatore Boyer IV', 'Josiah Welch', 'Renee Marks', 'Haven Gutkowski', 'Nostrum voluptatem qui doloremque. Facere tempore non nulla est perferendis aut et non. Ut nemo fugit quo voluptas excepturi facere ut. Ut ipsa sint vitae omnis.', '2018-07-19 02:27:12', '2018-07-19 02:27:12'),
(268, 41, 'Luna Hermann PhD', 'Zoey Adams', 'Zola Mills', 'Cecelia Anderson', 'Odit laborum eos voluptatem vel natus maxime. Aut nihil iure ab similique. Est quo repudiandae sed repellendus culpa nihil. Neque unde ex alias temporibus.', '2018-07-19 02:27:13', '2018-07-19 02:27:13'),
(269, 20, 'Giovanny Stokes I', 'Maya Becker', 'Camille Kreiger', 'Colby Dare', 'Distinctio sed ut sint officia illum blanditiis. Eligendi neque labore est omnis at aliquid. Veritatis libero sequi qui facilis. Quo quis dolore vitae provident molestias.', '2018-07-19 02:27:13', '2018-07-19 02:27:13'),
(270, 12, 'Dr. Owen Oberbrunner', 'Sylvester Cronin', 'Trystan Blanda III', 'Andreane Mueller', 'Nobis et tenetur dolores quod. Non doloribus consequuntur molestiae enim. Consequatur et fuga est unde odit voluptatem maiores.', '2018-07-19 02:27:13', '2018-07-19 02:27:13'),
(271, 16, 'Heber Keeling', 'Juliana Cormier', 'Katharina Mills', 'Prof. Marjorie Hamill DVM', 'Sequi laboriosam quasi cumque eum. Doloribus labore ex aut sequi odio nisi. Delectus delectus magnam qui nobis a et est. Eligendi quibusdam expedita consequatur et inventore soluta.', '2018-07-19 02:27:13', '2018-07-19 02:27:13'),
(272, 21, 'Mr. Adan Waters IV', 'Miss Amy Purdy PhD', 'Doris Kemmer', 'Florencio Volkman DDS', 'Labore omnis nihil ab quas repellendus. Et dolores officia officia sequi dolores ut eius. Id non sint ipsum rerum ut odit.', '2018-07-19 02:27:13', '2018-07-19 02:27:13'),
(273, 30, 'Mr. Darian Casper I', 'Rodger Ledner', 'Daisha Streich', 'Ms. Eda Batz', 'Fugit vitae quis excepturi et aspernatur voluptatem. Alias eos adipisci voluptatibus. Aspernatur incidunt inventore sint alias hic dolore ut vel.', '2018-07-19 02:27:13', '2018-07-19 02:27:13'),
(274, 13, 'Serena Collier', 'Flavie Kunze', 'Richie Zieme III', 'Twila Wolff', 'Dolorum aspernatur est ea corporis error expedita. Est deserunt expedita autem at. Maiores eius aspernatur et velit.', '2018-07-19 02:27:13', '2018-07-19 02:27:13'),
(275, 13, 'Prof. Jackson Kuhic', 'Abner Zieme', 'Dasia Barrows', 'Alek Simonis Jr.', 'Velit ea eum natus rem commodi debitis. Totam omnis distinctio distinctio tempore aliquid. Et tenetur et dolore sed officiis harum eveniet. Cumque veniam laudantium officiis quia fugit.', '2018-07-19 02:27:13', '2018-07-19 02:27:13'),
(276, 35, 'Dr. Heloise Morissette', 'Stephon Wunsch', 'Daren Mertz', 'Miss Raina Hintz', 'A ipsa veritatis voluptatem dolorem ipsam. Numquam sapiente ea modi natus qui. Unde reprehenderit facilis nisi.', '2018-07-19 02:27:13', '2018-07-19 02:27:13'),
(277, 22, 'Eula Haag', 'Emmett Marvin', 'Prof. Devante Kris Sr.', 'Landen Hansen', 'Magnam ipsam aut animi incidunt nisi rerum. Quo qui eligendi earum perspiciatis aliquam. A sequi et quaerat et. Ut est dolor illum et sapiente.', '2018-07-19 02:27:13', '2018-07-19 02:27:13'),
(278, 46, 'Wilmer Ondricka', 'Mrs. Christa Schuster', 'Ola Goyette', 'Elton Maggio', 'Accusamus et odit expedita soluta fugiat. Eos aut optio nulla aut adipisci. Ut sint consequatur tempora ducimus rem.', '2018-07-19 02:27:13', '2018-07-19 02:27:13'),
(279, 38, 'Jarvis Crooks PhD', 'Johathan Donnelly', 'Zachary Reichert', 'Robb Durgan', 'Maiores corrupti et rem pariatur accusantium autem. Dolorem qui voluptatem placeat deserunt ab placeat quis. Repellat necessitatibus odio rerum soluta cupiditate impedit quo. Ab velit et sunt sunt.', '2018-07-19 02:27:13', '2018-07-19 02:27:13'),
(280, 33, 'Arne Mayer DDS', 'Prof. Gregorio Koch DVM', 'Prof. Roslyn Ledner MD', 'Ezequiel Gottlieb', 'Et numquam iusto corrupti et et. Sint laboriosam repudiandae et deleniti a rerum corrupti. Impedit rem accusantium optio omnis rerum.', '2018-07-19 02:27:13', '2018-07-19 02:27:13'),
(281, 24, 'Giovanni Schinner', 'Tremaine Mills', 'Prof. Marlon Pacocha Sr.', 'Leann Skiles', 'Neque delectus est omnis. Eveniet aut maiores porro ratione cumque dicta iste. Facere deleniti accusamus hic sed. Rerum est quos tempore ab nesciunt ipsam est.', '2018-07-19 02:27:13', '2018-07-19 02:27:13'),
(282, 38, 'Maci Schamberger', 'Mrs. Vesta Schroeder', 'Mrs. Carmen Becker II', 'Prof. Francesco Senger', 'Sequi autem veritatis error aut. Voluptas est eaque blanditiis autem nisi reiciendis. Consequatur vel blanditiis quaerat excepturi.', '2018-07-19 02:27:13', '2018-07-19 02:27:13'),
(283, 25, 'Dr. Ludwig Gusikowski V', 'Thaddeus Mann IV', 'Dina Bechtelar', 'Christ Berge', 'Aliquid iste minima laboriosam reprehenderit vel veritatis rem consequatur. Quasi temporibus temporibus incidunt commodi. Natus maxime est minima.', '2018-07-19 02:27:13', '2018-07-19 02:27:13'),
(284, 36, 'Garland Goyette', 'Dr. Samson Bayer', 'Juanita Gibson', 'Lafayette Gerhold', 'Sunt cumque a autem rem sed reiciendis voluptatem. Iusto non in est fugit. Ipsa nam vero sapiente nesciunt earum. Cum voluptatum fugiat nihil. Provident praesentium quod nostrum quaerat placeat ad.', '2018-07-19 02:27:13', '2018-07-19 02:27:13'),
(285, 17, 'Brandi Hartmann', 'Beryl Rippin DDS', 'Demetris Schiller V', 'Mr. Hal Witting', 'Quam et magnam molestias enim. Praesentium est in et quod distinctio quia minima. Enim numquam provident nihil minima molestiae inventore sequi sit. Sit recusandae eligendi culpa incidunt hic illo.', '2018-07-19 02:27:13', '2018-07-19 02:27:13'),
(286, 33, 'Brook Hodkiewicz', 'Dr. Bessie Schulist', 'Krystel Lindgren', 'Ms. Jacquelyn Howe MD', 'Molestiae distinctio earum quos rem atque vel quos. Sit quis quod recusandae et nisi provident. At consequatur aperiam consequatur sit corporis.', '2018-07-19 02:27:13', '2018-07-19 02:27:13'),
(287, 27, 'Prof. Hipolito Rutherford PhD', 'Cecil Cassin', 'Maynard Bosco', 'Ryann Harber', 'Aspernatur voluptates vitae hic explicabo pariatur voluptate et corrupti. Impedit enim dolorum harum est vitae. Libero voluptas voluptate et rerum rerum animi facilis.', '2018-07-19 02:27:13', '2018-07-19 02:27:13'),
(288, 49, 'Prof. Clovis Klein', 'Estella Hoeger', 'Odie Legros', 'Ms. Penelope Heller MD', 'A eum consectetur illum sint modi. Ut qui sint et eum. Voluptatem doloribus harum earum voluptas quis recusandae natus.', '2018-07-19 02:27:14', '2018-07-19 02:27:14'),
(289, 33, 'Kurtis Stracke', 'Augustus O\'Conner', 'Dr. Cleora Bauch PhD', 'Tyrique Turner', 'Magnam amet repellendus beatae nihil repellat ut. Non in esse perspiciatis non. Ea impedit accusantium error.', '2018-07-19 02:27:14', '2018-07-19 02:27:14'),
(290, 33, 'Mr. Stefan Moore', 'Marcelle Ernser', 'Prof. Gwen Robel DDS', 'Prof. Clark Hirthe', 'Est error quisquam qui. Sunt dolor sunt doloribus quasi amet ut officiis. Debitis magnam sapiente qui at rerum odit.', '2018-07-19 02:27:14', '2018-07-19 02:27:14'),
(291, 41, 'Ms. Madonna Pouros I', 'Gilberto Stark', 'Kacey Howell III', 'Spencer Lindgren', 'In qui veritatis dolorum accusantium ad veritatis dolores. In et illo minus et. Quo harum aperiam id eius vel nesciunt. Non aliquam porro rerum aspernatur.', '2018-07-19 02:27:14', '2018-07-19 02:27:14'),
(292, 44, 'Renee Rolfson MD', 'Amos Durgan', 'Raymond Heller', 'Ms. Idella Cronin III', 'Quia possimus laboriosam consequuntur veritatis sed. Dicta est facere nam ab in ducimus et. Facilis sed saepe vel facilis voluptas et ducimus maiores.', '2018-07-19 02:27:14', '2018-07-19 02:27:14'),
(293, 38, 'Michelle Baumbach Jr.', 'Maddison Towne', 'Miss Yolanda VonRueden Sr.', 'Ms. Chyna Connelly', 'Dicta et error eum magni nemo veniam. Est nihil et accusamus reiciendis. Quidem ea quo placeat. Totam pariatur dignissimos incidunt nulla.', '2018-07-19 02:27:14', '2018-07-19 02:27:14'),
(294, 32, 'Mr. Keven Barrows I', 'Princess Kshlerin', 'Kasey Gottlieb', 'Maximilian Jacobi', 'Exercitationem assumenda rerum enim non est vitae. Rem non et officiis laudantium voluptatem tenetur optio. Omnis dolores occaecati voluptatibus. Dolorem voluptate laboriosam hic voluptatem.', '2018-07-19 02:27:14', '2018-07-19 02:27:14'),
(295, 22, 'Augustus Brakus MD', 'Presley Runolfsdottir', 'Norval Keebler DVM', 'Alanna Hegmann', 'Ut recusandae ut dolor nam similique sunt. Asperiores quas quis rerum accusantium. Qui eum modi esse nulla molestiae animi temporibus.', '2018-07-19 02:27:14', '2018-07-19 02:27:14'),
(296, 39, 'Ms. Cheyanne Crist', 'Mrs. Deanna Donnelly', 'Elsa Rice Jr.', 'Mr. Omer Kirlin Sr.', 'Unde voluptates consectetur labore rem. Neque ut quod omnis fugiat. Ipsum necessitatibus hic blanditiis incidunt voluptatibus. Quas sunt nihil veniam veniam.', '2018-07-19 02:27:14', '2018-07-19 02:27:14'),
(297, 38, 'Kyra Cormier', 'Joanny Christiansen', 'Talia Hand', 'Karianne Davis', 'Voluptatum porro natus est dolor dolore. Expedita eius ab rem. Placeat tenetur aliquid ut veniam accusamus molestias exercitationem minima.', '2018-07-19 02:27:14', '2018-07-19 02:27:14'),
(298, 31, 'Elinore Weissnat', 'Albina Gulgowski MD', 'Dr. Lester Howe MD', 'Deon Koch', 'Ullam praesentium ut voluptate veniam eius. Architecto iste et et id natus sapiente doloribus. Repellendus rerum cumque architecto officiis et inventore.', '2018-07-19 02:27:14', '2018-07-19 02:27:14'),
(299, 35, 'Jaime Kozey', 'Kristian Hammes', 'Dr. Daisy Wilderman', 'Mallie Hammes', 'Nulla ut eveniet laborum et. Quia nam quia hic et non autem.', '2018-07-19 02:27:14', '2018-07-19 02:27:14'),
(300, 25, 'Annabell Stanton', 'Miss Amelia Heller', 'Cassandra Blanda', 'Mr. Johnson Lehner', 'Est architecto suscipit sapiente hic sunt. Voluptatem eum fuga rerum sed quia non. Quos voluptate velit quod rerum a.', '2018-07-19 02:27:14', '2018-07-19 02:27:14');

-- --------------------------------------------------------

--
-- Table structure for table `migrations`
--

CREATE TABLE `migrations` (
  `id` int(10) UNSIGNED NOT NULL,
  `migration` varchar(191) COLLATE utf8mb4_unicode_ci NOT NULL,
  `batch` int(11) NOT NULL
) ENGINE=InnoDB DEFAULT CHARSET=utf8mb4 COLLATE=utf8mb4_unicode_ci;

--
-- Dumping data for table `migrations`
--

INSERT INTO `migrations` (`id`, `migration`, `batch`) VALUES
(1, '2014_10_12_000000_create_users_table', 1),
(2, '2014_10_12_100000_create_password_resets_table', 1),
(3, '2018_07_19_065843_create_albums_table', 1),
(4, '2018_07_19_065916_create_audio_table', 2);

-- --------------------------------------------------------

--
-- Table structure for table `password_resets`
--

CREATE TABLE `password_resets` (
  `email` varchar(191) COLLATE utf8mb4_unicode_ci NOT NULL,
  `token` varchar(191) COLLATE utf8mb4_unicode_ci NOT NULL,
  `created_at` timestamp NULL DEFAULT NULL
) ENGINE=InnoDB DEFAULT CHARSET=utf8mb4 COLLATE=utf8mb4_unicode_ci;

-- --------------------------------------------------------

--
-- Table structure for table `users`
--

CREATE TABLE `users` (
  `id` int(10) UNSIGNED NOT NULL,
  `name` varchar(191) COLLATE utf8mb4_unicode_ci NOT NULL,
  `email` varchar(191) COLLATE utf8mb4_unicode_ci NOT NULL,
  `password` varchar(191) COLLATE utf8mb4_unicode_ci NOT NULL,
  `remember_token` varchar(100) COLLATE utf8mb4_unicode_ci DEFAULT NULL,
  `created_at` timestamp NULL DEFAULT NULL,
  `updated_at` timestamp NULL DEFAULT NULL
) ENGINE=InnoDB DEFAULT CHARSET=utf8mb4 COLLATE=utf8mb4_unicode_ci;

--
-- Indexes for dumped tables
--

--
-- Indexes for table `albums`
--
ALTER TABLE `albums`
  ADD PRIMARY KEY (`id`);

--
-- Indexes for table `audio`
--
ALTER TABLE `audio`
  ADD PRIMARY KEY (`id`),
  ADD KEY `audio_id_index` (`id`);

--
-- Indexes for table `migrations`
--
ALTER TABLE `migrations`
  ADD PRIMARY KEY (`id`);

--
-- Indexes for table `password_resets`
--
ALTER TABLE `password_resets`
  ADD KEY `password_resets_email_index` (`email`);

--
-- Indexes for table `users`
--
ALTER TABLE `users`
  ADD PRIMARY KEY (`id`),
  ADD UNIQUE KEY `users_email_unique` (`email`);

--
-- AUTO_INCREMENT for dumped tables
--

--
-- AUTO_INCREMENT for table `albums`
--
ALTER TABLE `albums`
  MODIFY `id` int(10) UNSIGNED NOT NULL AUTO_INCREMENT, AUTO_INCREMENT=51;

--
-- AUTO_INCREMENT for table `audio`
--
ALTER TABLE `audio`
  MODIFY `id` int(10) UNSIGNED NOT NULL AUTO_INCREMENT, AUTO_INCREMENT=301;

--
-- AUTO_INCREMENT for table `migrations`
--
ALTER TABLE `migrations`
  MODIFY `id` int(10) UNSIGNED NOT NULL AUTO_INCREMENT, AUTO_INCREMENT=5;

--
-- AUTO_INCREMENT for table `users`
--
ALTER TABLE `users`
  MODIFY `id` int(10) UNSIGNED NOT NULL AUTO_INCREMENT;
COMMIT;

/*!40101 SET CHARACTER_SET_CLIENT=@OLD_CHARACTER_SET_CLIENT */;
/*!40101 SET CHARACTER_SET_RESULTS=@OLD_CHARACTER_SET_RESULTS */;
/*!40101 SET COLLATION_CONNECTION=@OLD_COLLATION_CONNECTION */;
